month,moc_sv,florida_sv,ekman_sv,umo_sv
2004-04,17.64,31.92,5.15,-19.40
2004-05,16.36,31.95,3.77,-19.33
2004-06,11.94,30.26,1.83,-20.13
2004-07,20.38,32.26,4.94,-16.80
2004-08,21.67,34.63,3.21,-16.16
2004-09,24.99,33.91,5.23,-14.13
2004-10,19.84,34.30,0.40,-14.86
2004-11,19.83,33.71,2.98,-16.84
2004-12,18.75,32.51,7.51,-21.09
2005-01,19.05,30.71,5.67,-17.30
2005-02,11.62,27.70,0.70,-16.78
2005-03,12.27,31.57,-3.37,-15.96
2005-04,16.09,32.22,2.37,-18.48
2005-05,18.48,32.47,3.00,-16.99
2005-06,21.97,35.25,3.01,-16.28
2005-07,22.03,33.92,4.46,-16.33
2005-08,21.67,30.66,4.25,-13.23
2005-09,19.24,28.79,5.01,-14.54
2005-10,19.48,27.31,3.29,-11.11
2005-11,24.66,30.72,6.02,-12.05
2005-12,19.64,30.57,2.37,-13.27
2006-01,19.06,28.38,5.46,-14.72
2006-02,17.84,32.84,1.71,-16.68
2006-03,11.45,30.07,0.17,-18.78
2006-04,17.25,32.00,2.92,-17.66
2006-05,16.68,31.34,2.18,-16.84
2006-06,19.71,32.16,3.62,-16.05
2006-07,23.36,32.88,5.73,-15.22
2006-08,19.51,30.92,2.60,-14.01
2006-09,19.51,32.31,4.31,-17.09
2006-10,20.10,33.26,1.91,-15.06
2006-11,21.93,28.95,4.55,-11.55
2006-12,22.18,31.04,7.50,-16.30
2007-01,22.12,31.19,5.34,-14.39
2007-02,14.88,33.43,1.43,-19.94
2007-03,18.79,32.89,6.50,-20.52
2007-04,10.97,32.69,0.45,-21.89
2007-05,17.40,31.35,5.26,-19.10
2007-06,17.06,30.91,2.74,-16.55
2007-07,19.63,32.28,5.41,-18.03
2007-08,18.05,30.35,4.62,-16.90
2007-09,16.23,28.72,2.83,-15.31
2007-10,20.68,32.39,3.73,-15.43
2007-11,19.42,31.13,3.53,-15.10
2007-12,19.57,30.40,6.04,-16.69
2008-01,20.76,29.63,6.43,-15.24
2008-02,17.46,33.17,3.36,-18.95
2008-03,16.43,32.76,3.85,-20.08
2008-04,14.64,27.27,1.58,-14.21
2008-05,13.83,28.70,1.61,-16.46
2008-06,16.39,34.48,3.34,-21.35
2008-07,18.27,33.06,5.35,-20.11
2008-08,15.93,32.56,6.48,-22.97
2008-09,15.13,28.16,4.71,-17.68
2008-10,21.78,28.22,6.33,-12.75
2008-11,19.21,29.53,3.84,-14.15
2008-12,21.78,37.09,7.01,-21.83
2009-01,17.40,34.56,4.36,-21.37
2009-02,15.74,33.31,2.47,-20.03
2009-03,15.45,32.27,2.76,-19.58
2009-04,15.53,31.07,5.16,-20.67
2009-05,16.78,31.45,4.36,-19.01
2009-06,13.47,29.50,1.54,-17.55
2009-07,17.23,33.76,4.59,-21.04
2009-08,17.49,34.37,6.82,-23.57
2009-09,11.74,30.67,4.03,-22.80
2009-10,14.16,31.66,1.38,-18.88
2009-11,13.67,29.21,4.26,-19.71
2009-12,9.51,29.36,-1.36,-18.43
2010-01,8.19,31.19,-1.00,-21.73
2010-02,8.40,29.33,-4.86,-16.12
2010-03,9.62,31.48,-0.38,-21.33
2010-04,13.51,31.76,0.76,-19.02
2010-05,17.22,31.45,3.92,-18.14
2010-06,19.30,31.98,5.31,-17.96
2010-07,19.21,34.71,5.75,-21.17
2010-08,19.29,35.27,4.44,-20.23
2010-09,21.94,29.88,6.21,-14.11
2010-10,21.06,28.18,4.42,-11.52
2010-11,16.66,28.50,1.45,-13.27
2010-12,8.73,28.55,-4.66,-15.14
2011-01,14.45,33.64,2.09,-21.03
2011-02,15.13,33.16,3.78,-21.69
2011-03,16.84,31.13,3.12,-17.35
2011-04,19.03,34.00,4.85,-19.70
2011-05,15.67,30.97,1.74,-17.03
2011-06,14.49,33.17,2.47,-20.97
2011-07,17.65,31.21,5.89,-19.35
2011-08,18.18,30.74,5.10,-17.63
2011-09,19.27,31.12,3.87,-15.70
2011-10,20.17,29.67,4.76,-14.24
2011-11,17.83,29.01,4.81,-15.93
2011-12,20.66,31.53,8.89,-19.33
2012-01,15.25,33.17,4.64,-22.27
2012-02,15.86,31.44,5.00,-20.56
2012-03,18.09,33.83,5.71,-21.36
2012-04,14.41,31.15,3.65,-20.23
2012-05,12.77,31.21,2.10,-20.47
2012-06,9.67,31.47,1.68,-22.58
2012-07,18.08,33.21,5.74,-20.77
2012-08,16.65,35.71,4.37,-23.18
2012-09,15.45,33.83,2.20,-20.54
2012-10,16.92,31.71,1.86,-16.65
2012-11,16.68,26.77,4.78,-14.84
2012-12,18.16,30.88,5.04,-17.71
2013-01,13.63,31.38,2.87,-20.53
2013-02,15.73,31.86,2.89,-19.01
2013-03,6.64,29.13,-4.35,-18.11
2013-04,14.72,34.34,2.89,-22.35
2013-05,17.59,34.64,4.22,-21.13
2013-06,19.95,35.77,5.08,-20.84
2013-07,16.71,33.66,3.91,-20.81
2013-08,19.91,33.44,5.38,-18.86
2013-09,17.53,33.03,3.33,-18.79
2013-10,17.58,30.41,2.26,-15.09
2013-11,22.71,30.20,5.63,-13.09
2013-12,19.88,30.41,5.63,-16.09
2014-01,15.69,30.20,7.25,-21.20
2014-02,15.00,29.99,5.97,-20.93
2014-03,14.90,29.80,3.77,-18.64
2014-04,14.49,28.61,1.82,-15.93
2014-05,14.44,30.46,3.50,-19.34
2014-06,17.64,34.42,3.17,-19.87
2014-07,17.90,33.13,3.73,-18.94
2014-08,15.61,31.47,3.39,-19.24
2014-09,16.67,30.05,2.53,-15.91
2014-10,18.88,33.56,2.16,-16.84
2014-11,20.30,31.86,5.84,-17.37
2014-12,16.52,29.43,5.32,-18.19
2015-01,16.51,31.18,7.87,-22.25
2015-02,14.80,30.80,4.87,-20.83
2015-03,21.62,30.62,5.26,-14.23
2015-04,16.90,33.43,1.80,-18.33
2015-05,15.06,30.88,3.37,-19.14
2015-06,18.15,35.46,2.36,-19.66
2015-07,16.01,36.31,3.76,-23.86
2015-08,18.53,35.71,3.75,-20.92
2015-09,16.22,31.54,2.63,-17.95
2015-10,18.70,29.20,2.73,-13.22
2015-11,23.60,31.32,5.95,-13.62
2015-12,18.68,32.04,4.59,-17.87
2016-01,12.98,30.26,2.18,-19.44
2016-02,17.87,31.17,8.68,-21.93
2016-03,14.98,31.31,3.49,-19.81
2016-04,13.44,28.41,2.20,-17.16
2016-05,15.19,33.43,3.49,-21.71
2016-06,14.54,30.84,2.85,-19.14
2016-07,17.66,36.52,5.31,-24.10
2016-08,20.14,36.13,4.01,-19.97
2016-09,20.15,35.78,5.51,-21.11
2016-10,19.15,27.86,3.47,-12.16
2016-11,20.61,28.37,4.88,-12.62
2016-12,18.28,33.52,5.39,-20.54
2017-01,15.55,34.18,2.09,-20.71
2017-02,16.71,34.25,2.99,-20.52
2017-03,18.34,33.59,6.20,-21.13
2017-04,11.49,34.76,1.05,-23.76
2017-05,15.98,33.22,1.74,-19.00
2017-06,16.74,32.08,3.58,-18.89
2017-07,18.60,31.56,6.04,-18.96
2017-08,17.22,31.96,4.44,-19.14
2017-09,15.49,30.26,4.52,-19.26
2017-10,19.01,29.57,3.86,-14.41
2017-11,20.27,29.19,3.20,-12.12
2017-12,20.37,30.80,5.87,-16.26
2018-01,24.07,30.78,8.82,-15.49
2018-02,21.06,31.76,6.65,-17.31
2018-03,8.35,28.54,-0.50,-19.39
2018-04,15.81,32.83,5.28,-21.98
2018-05,20.71,33.61,5.65,-18.49
2018-06,17.08,34.29,2.14,-19.31
2018-07,19.11,33.51,5.76,-20.12
2018-08,19.42,34.64,3.71,-18.93
2018-09,18.18,36.93,4.19,-22.86
2018-10,21.17,32.64,3.14,-14.60
2018-11,21.18,32.24,4.51,-15.54
2018-12,15.66,33.61,3.23,-21.06
2019-01,14.88,32.29,3.28,-20.67
2019-02,17.34,30.94,3.60,-17.19
2019-03,14.97,29.02,3.91,-17.93
2019-04,13.79,33.41,3.34,-22.77
2019-05,14.15,31.54,2.19,-19.56
2019-06,14.46,31.82,2.23,-19.56
2019-07,14.99,30.72,3.81,-19.51
2019-08,17.73,32.58,3.84,-18.67
2019-09,17.05,27.00,3.96,-13.89
2019-10,14.63,30.13,2.81,-18.30
2019-11,19.04,29.69,6.35,-16.97
2019-12,17.66,31.95,4.97,-19.23
2020-01,17.27,31.42,4.31,-18.44
2020-02,17.39,32.19,4.88,-19.66
2020-03,19.64,33.28,5.36,-18.96
2020-04,14.84,30.94,0.23,-16.33
2020-05,15.32,32.05,2.75,-19.47
2020-06,16.24,33.96,3.62,-21.32
2020-07,19.52,34.60,5.44,-20.46
2020-08,16.25,35.61,4.17,-23.51
2020-09,16.82,32.75,5.36,-21.27
2020-10,17.66,30.04,3.99,-16.35
2020-11,22.52,26.83,6.91,-11.19
2020-12,17.32,30.48,5.13,-18.21
2021-01,10.41,30.09,-0.61,-19.09
2021-02,13.72,30.89,3.19,-20.30
2021-03,15.47,31.21,4.41,-20.09
2021-04,13.58,32.86,-0.62,-18.67
2021-05,15.71,34.73,3.72,-22.66
2021-06,20.62,33.42,5.27,-18.06
2021-07,18.11,33.24,4.77,-19.88
2021-08,16.38,33.31,4.81,-21.69
2021-09,17.21,33.31,3.07,-19.15
2021-10,17.68,32.60,2.28,-17.19
2021-11,16.19,27.73,3.29,-14.82
2021-12,15.89,31.26,4.00,-19.37
2022-01,10.27,28.84,3.51,-21.75
2022-02,15.56,31.26,7.48,-22.94
2022-03,16.72,33.23,4.50,-20.90
2022-04,12.73,32.19,2.11,-21.48
2022-05,13.49,29.28,2.48,-17.94
2022-06,16.04,34.67,4.09,-22.70
2022-07,20.29,37.01,6.23,-22.85
2022-08,17.31,37.15,4.69,-24.10
2022-09,15.53,32.59,4.00,-20.96
2022-10,15.59,28.19,2.93,-15.53
2022-11,18.03,27.98,4.64,-14.58
2022-12,11.09,27.74,1.75,-18.33
2023-01,16.07,32.04,5.16,-20.97
2023-02,17.81,32.26,3.29,-17.74
2023-03,8.30,30.68,-0.56,-21.19
2023-04,13.09,30.64,3.65,-21.07
2023-05,14.80,30.40,3.78,-19.31
2023-06,13.58,30.11,0.07,-16.62
2023-07,17.45,31.26,3.96,-17.76
2023-08,20.55,31.68,4.61,-15.72
2023-09,17.14,31.87,3.66,-18.38
2023-10,13.98,28.98,1.38,-16.39
2023-11,18.89,27.67,3.35,-12.12
2023-12,20.41,29.36,6.68,-15.58
2024-01,15.89,31.80,0.90,-16.80
2024-02,11.90,29.32,1.67,-19.03
2024-03,18.71,30.92,5.38,-17.56
