month,solar,asr,olr,net
2000-03,343.477,244.217,238.261,5.957
2000-04,337.754,239.976,238.045,1.931
2000-05,332.758,234.830,240.760,-5.930
2000-06,329.818,232.998,243.228,-10.230
2000-07,329.498,235.277,243.986,-8.708
2000-08,332.028,238.448,243.661,-5.212
2000-09,336.545,241.337,242.236,-0.899
2000-10,342.532,240.619,238.959,1.660
2000-11,347.932,241.404,237.253,4.152
2000-12,351.368,243.084,237.076,6.007
2001-01,351.557,246.850,237.071,9.779
2001-02,348.691,245.822,236.851,8.971
2001-03,343.559,244.465,236.925,7.540
2001-04,337.746,239.276,238.275,1.001
2001-05,332.875,234.973,241.088,-6.115
2001-06,329.870,233.199,242.925,-9.726
2001-07,329.584,235.678,244.351,-8.673
2001-08,331.912,238.579,244.675,-6.096
2001-09,336.459,241.998,241.986,0.012
2001-10,342.397,240.801,239.706,1.096
2001-11,347.798,241.972,238.398,3.574
2001-12,351.301,242.430,237.275,5.155
2002-01,351.663,245.050,237.231,7.819
2002-02,348.806,246.056,238.011,8.045
2002-03,343.790,244.600,238.103,6.497
2002-04,337.863,239.977,239.278,0.699
2002-05,332.903,236.212,241.777,-5.565
2002-06,329.935,233.099,243.212,-10.113
2002-07,329.420,234.779,244.946,-10.167
2002-08,331.815,237.998,244.577,-6.579
2002-09,336.455,241.994,243.163,-1.169
2002-10,342.270,242.633,240.044,2.589
2002-11,347.722,241.405,237.885,3.520
2002-12,351.292,242.954,236.908,6.046
2003-01,351.555,245.578,237.963,7.616
2003-02,348.721,246.928,238.083,8.846
2003-03,343.619,245.313,238.904,6.409
2003-04,337.813,240.325,239.035,1.290
2003-05,332.832,234.963,240.971,-6.008
2003-06,329.766,233.798,243.235,-9.438
2003-07,329.385,235.747,244.660,-8.913
2003-08,331.773,239.535,244.260,-4.725
2003-09,336.397,242.235,242.828,-0.592
2003-10,341.960,242.345,240.756,1.589
2003-11,347.609,241.934,238.186,3.747
2003-12,351.142,243.653,237.639,6.014
2004-01,351.399,245.605,236.965,8.640
2004-02,348.528,247.174,238.080,9.095
2004-03,343.452,243.567,237.999,5.567
2004-04,337.657,241.247,238.889,2.358
2004-05,332.673,234.171,240.647,-6.476
2004-06,329.703,232.815,243.303,-10.488
2004-07,329.297,235.937,243.791,-7.854
2004-08,331.759,239.164,244.362,-5.198
2004-09,336.464,242.473,242.509,-0.036
2004-10,342.287,241.862,240.501,1.362
2004-11,347.710,242.040,237.857,4.183
2004-12,351.156,243.845,236.659,7.186
2005-01,351.254,245.600,237.560,8.040
2005-02,348.437,246.082,238.263,7.819
2005-03,343.443,244.707,238.095,6.613
2005-04,337.632,240.346,239.225,1.122
2005-05,332.651,235.683,239.997,-4.315
2005-06,329.669,233.191,243.098,-9.907
2005-07,329.327,234.942,244.792,-9.850
2005-08,331.754,238.573,244.515,-5.942
2005-09,336.349,242.147,242.802,-0.655
2005-10,342.206,242.113,240.622,1.492
2005-11,347.623,241.924,238.354,3.570
2005-12,351.052,244.327,237.331,6.995
2006-01,351.308,245.335,236.357,8.977
2006-02,348.458,246.355,237.163,9.191
2006-03,343.473,244.604,238.000,6.604
2006-04,337.677,240.474,238.076,2.398
2006-05,332.759,235.954,240.182,-4.227
2006-06,329.729,234.285,243.489,-9.204
2006-07,329.318,235.564,244.893,-9.329
2006-08,331.654,238.869,244.680,-5.811
2006-09,336.296,242.436,242.931,-0.494
2006-10,342.103,241.349,240.132,1.217
2006-11,347.517,242.466,238.128,4.338
2006-12,350.989,243.187,237.092,6.095
2007-01,351.277,245.286,238.371,6.915
2007-02,348.461,246.965,238.413,8.553
2007-03,343.525,244.717,238.839,5.877
2007-04,337.707,241.172,239.267,1.906
2007-05,332.716,235.431,241.055,-5.624
2007-06,329.708,233.654,242.352,-8.698
2007-07,329.270,235.576,244.436,-8.859
2007-08,331.632,238.666,244.374,-5.708
2007-09,336.199,241.530,243.291,-1.761
2007-10,342.021,242.399,240.762,1.637
2007-11,347.508,241.391,238.335,3.056
2007-12,350.996,242.095,237.038,5.057
2008-01,351.316,244.763,236.199,8.565
2008-02,348.428,246.104,237.696,8.407
2008-03,343.344,245.616,238.057,7.559
2008-04,337.548,240.426,238.637,1.788
2008-05,332.599,236.211,240.371,-4.159
2008-06,329.620,233.910,242.538,-8.627
2008-07,329.282,236.204,244.294,-8.089
2008-08,331.700,239.680,243.551,-3.871
2008-09,336.326,241.286,241.993,-0.707
2008-10,342.155,242.532,239.874,2.658
2008-11,347.616,241.411,237.893,3.517
2008-12,351.030,243.953,236.613,7.340
2009-01,351.253,245.529,236.852,8.677
2009-02,348.387,246.666,237.374,9.292
2009-03,343.396,244.608,237.180,7.428
2009-04,337.588,240.861,238.971,1.891
2009-05,332.649,236.213,240.613,-4.400
2009-06,329.664,234.448,241.980,-7.532
2009-07,329.299,235.434,244.260,-8.827
2009-08,331.692,239.557,244.595,-5.038
2009-09,336.299,241.351,242.743,-1.392
2009-10,342.106,242.067,240.525,1.542
2009-11,347.569,241.190,238.259,2.931
2009-12,350.995,243.071,236.808,6.263
2010-01,351.271,244.914,238.251,6.663
2010-02,348.483,246.027,237.952,8.076
2010-03,343.511,244.621,238.993,5.628
2010-04,337.725,240.724,238.646,2.078
2010-05,332.749,235.223,241.169,-5.945
2010-06,329.732,233.216,242.943,-9.727
2010-07,329.358,234.727,244.074,-9.347
2010-08,331.720,238.572,244.621,-6.049
2010-09,336.312,241.779,242.726,-0.947
2010-10,342.092,241.742,240.228,1.514
2010-11,347.578,241.356,238.704,2.652
2010-12,351.023,242.865,237.205,5.660
2011-01,351.319,245.222,236.646,8.576
2011-02,348.519,246.423,237.930,8.493
2011-03,343.571,245.352,238.492,6.859
2011-04,337.846,240.821,238.425,2.397
2011-05,332.857,235.335,239.604,-4.269
2011-06,329.817,232.897,242.388,-9.491
2011-07,329.354,235.605,244.590,-8.985
2011-08,331.687,239.466,244.848,-5.383
2011-09,336.269,242.427,243.790,-1.362
2011-10,342.125,242.958,239.863,3.095
2011-11,347.660,241.624,237.644,3.980
2011-12,351.166,241.844,237.046,4.798
2012-01,351.449,245.896,237.156,8.740
2012-02,348.586,247.352,236.684,10.667
2012-03,343.483,244.335,237.637,6.698
2012-04,337.700,240.657,238.082,2.575
2012-05,332.716,236.421,240.623,-4.202
2012-06,329.762,234.599,243.342,-8.743
2012-07,329.359,235.486,243.681,-8.195
2012-08,331.876,239.426,243.956,-4.530
2012-09,336.530,242.319,242.977,-0.657
2012-10,342.313,243.383,240.761,2.621
2012-11,347.780,242.157,237.592,4.565
2012-12,351.178,243.511,236.454,7.057
2013-01,351.362,244.835,238.059,6.776
2013-02,348.509,246.474,237.995,8.479
2013-03,343.530,245.012,237.674,7.338
2013-04,337.689,240.267,238.966,1.301
2013-05,332.795,235.611,240.414,-4.804
2013-06,329.823,233.217,242.818,-9.601
2013-07,329.486,235.200,243.559,-8.359
2013-08,331.876,239.625,244.565,-4.940
2013-09,336.503,241.952,242.741,-0.789
2013-10,342.236,242.418,240.855,1.563
2013-11,347.693,241.661,237.786,3.875
2013-12,351.187,243.528,237.325,6.203
2014-01,351.375,245.444,237.596,7.848
2014-02,348.496,246.448,238.002,8.446
2014-03,343.720,245.527,238.476,7.051
2014-04,337.872,241.102,238.701,2.401
2014-05,332.881,235.949,240.251,-4.302
2014-06,329.857,233.517,243.091,-9.573
2014-07,329.450,235.225,244.605,-9.380
2014-08,331.869,240.193,244.404,-4.211
2014-09,336.439,242.554,242.738,-0.183
2014-10,342.164,242.967,240.741,2.226
2014-11,347.737,242.119,238.022,4.097
2014-12,351.186,242.869,237.017,5.852
2015-01,351.513,245.682,238.274,7.408
2015-02,348.791,247.413,238.201,9.212
2015-03,343.783,245.216,238.118,7.097
2015-04,337.972,241.461,239.146,2.315
2015-05,332.933,236.483,240.780,-4.298
2015-06,329.867,234.045,242.945,-8.900
2015-07,329.491,236.437,244.492,-8.055
2015-08,331.760,240.283,244.497,-4.214
2015-09,336.327,243.307,243.093,0.214
2015-10,342.188,243.446,241.152,2.295
2015-11,347.686,242.267,238.363,3.904
2015-12,351.145,243.745,237.627,6.118
2016-01,351.468,246.102,238.105,7.997
2016-02,348.610,247.002,239.688,7.314
2016-03,343.519,245.176,238.854,6.323
2016-04,337.632,241.733,240.253,1.481
2016-05,332.700,236.162,241.055,-4.892
2016-06,329.746,235.051,242.583,-7.532
2016-07,329.382,236.325,244.511,-8.186
2016-08,331.806,239.802,244.439,-4.638
2016-09,336.437,242.880,243.118,-0.238
2016-10,342.252,242.990,240.947,2.044
2016-11,347.706,243.160,238.342,4.819
2016-12,351.085,244.099,237.226,6.873
2017-01,351.310,247.563,238.287,9.276
2017-02,348.458,248.351,238.643,9.708
2017-03,343.457,245.762,238.514,7.249
2017-04,337.669,242.027,240.099,1.928
2017-05,332.719,236.289,241.504,-5.214
2017-06,329.736,234.558,242.994,-8.436
2017-07,329.335,236.584,244.688,-8.104
2017-08,331.725,239.192,244.266,-5.074
2017-09,336.306,242.366,243.410,-1.044
2017-10,342.192,242.100,240.738,1.363
2017-11,347.639,242.051,238.042,4.009
2017-12,351.049,243.139,237.441,5.698
2018-01,351.288,246.137,237.286,8.850
2018-02,348.438,246.249,237.090,9.159
2018-03,343.485,245.110,238.402,6.708
2018-04,337.701,242.230,239.236,2.994
2018-05,332.743,236.523,240.938,-4.414
2018-06,329.736,233.822,243.376,-9.555
2018-07,329.337,235.860,244.397,-8.537
2018-08,331.692,239.184,243.987,-4.804
2018-09,336.281,243.245,242.822,0.424
2018-10,342.092,243.270,240.289,2.982
2018-11,347.568,242.911,237.794,5.118
2018-12,351.032,244.587,237.120,7.466
2019-01,351.323,246.201,237.539,8.662
2019-02,348.516,247.822,238.371,9.451
2019-03,343.552,246.291,238.942,7.349
2019-04,337.727,241.696,239.507,2.189
2019-05,332.747,236.922,241.330,-4.408
2019-06,329.723,234.406,242.808,-8.402
2019-07,329.298,236.616,244.787,-8.171
2019-08,331.627,239.942,244.908,-4.966
2019-09,336.207,243.577,243.555,0.022
2019-10,342.021,244.156,240.662,3.494
2019-11,347.528,243.111,238.365,4.745
2019-12,351.026,244.677,238.422,6.254
2020-01,351.352,245.856,237.679,8.177
2020-02,348.480,247.432,239.020,8.412
2020-03,343.410,246.044,239.024,7.020
2020-04,337.593,242.168,239.766,2.402
2020-05,332.645,237.123,241.865,-4.742
2020-06,329.677,234.858,243.736,-8.878
2020-07,329.328,236.023,244.455,-8.432
2020-08,331.761,240.661,244.861,-4.201
2020-09,336.376,242.790,243.488,-0.698
2020-10,342.207,242.175,240.748,1.427
2020-11,347.665,242.430,239.409,3.021
2020-12,351.132,243.133,237.839,5.294
2021-01,351.372,245.694,237.529,8.166
2021-02,348.501,247.516,238.632,8.885
2021-03,343.530,246.103,238.408,7.695
2021-04,337.706,241.619,238.658,2.961
2021-05,332.738,236.209,240.574,-4.365
2021-06,329.769,235.257,242.545,-7.288
2021-07,329.415,236.082,244.101,-8.019
2021-08,331.810,240.484,244.610,-4.126
2021-09,336.402,243.018,242.611,0.407
2021-10,342.227,243.519,240.955,2.564
2021-11,347.703,243.268,238.272,4.996
2021-12,351.171,243.665,237.410,6.255
2022-01,351.470,246.649,237.396,9.253
2022-02,348.716,248.217,238.780,9.437
2022-03,343.748,245.949,238.570,7.378
2022-04,337.975,241.877,240.082,1.795
2022-05,333.013,236.222,241.504,-5.282
2022-06,330.006,235.714,243.104,-7.390
2022-07,329.559,236.137,244.793,-8.656
2022-08,331.907,240.096,243.958,-3.862
2022-09,336.536,243.202,242.963,0.239
2022-10,342.364,243.414,240.671,2.743
2022-11,347.824,243.135,238.473,4.662
2022-12,351.226,244.983,237.291,7.691
2023-01,351.595,247.733,238.172,9.562
2023-02,348.858,248.422,238.408,10.014
2023-03,343.978,247.139,238.838,8.301
2023-04,338.160,242.721,238.812,3.910
2023-05,333.054,236.774,240.088,-3.314
2023-06,330.080,235.965,243.919,-7.954
2023-07,329.545,237.604,245.591,-7.987
2023-08,331.986,241.942,246.014,-4.072
2023-09,336.587,244.738,244.605,0.132
2023-10,342.472,244.760,242.531,2.229
2023-11,347.905,243.786,239.297,4.489
2023-12,351.370,245.032,238.257,6.776
2024-01,351.711,246.819,238.816,8.003
2024-02,348.760,247.931,239.189,8.742
2024-03,343.780,245.925,239.210,6.715
2024-04,337.998,242.149,239.872,2.277
2024-05,332.963,236.523,242.417,-5.893
2024-06,330.021,235.262,244.133,-8.871
2024-07,329.704,236.531,245.304,-8.773
2024-08,331.987,241.056,245.631,-4.575
2024-09,336.843,244.196,244.556,-0.360
2024-10,342.490,243.972,241.526,2.446
2024-11,347.992,243.845,239.635,4.211
2024-12,351.440,244.766,238.880,5.887
2025-01,351.668,248.465,238.760,9.705
2025-02,348.797,248.655,239.650,9.004
2025-03,343.904,247.366,240.007,7.359
2025-04,338.044,242.195,240.217,1.977
2025-05,332.994,236.540,241.562,-5.022
2025-06,330.042,235.283,244.209,-8.926
2025-07,329.690,237.018,244.928,-7.910
2025-08,332.039,241.099,244.838,-3.739
2025-09,336.612,244.254,243.896,0.358
2025-10,342.420,243.902,241.621,2.280
2025-11,347.929,244.036,239.380,4.655
2025-12,351.263,245.251,237.242,8.009
2026-01,351.542,248.045,238.262,9.784
2026-02,348.713,249.401,238.990,10.411
2026-03,343.766,246.794,239.218,7.576
2026-04,337.948,242.706,239.367,3.339
2026-05,333.006,236.446,241.573,-5.127
2026-06,329.982,235.443,243.730,-8.286
2026-07,329.576,237.801,246.122,-8.321
