age_ma,p2_5,p25,p50,p75,p97_5
0.25,230.0,235.0,237.6,240.3,245.4
0.75,220.7,230.6,235.9,241.2,251.7
1.25,247.4,253.5,256.6,259.8,266.3
1.75,235.6,241.8,245.2,248.6,255.0
2.25,234.9,246.5,252.7,259.1,271.6
2.75,278.4,286.7,291.2,295.8,304.7
3.25,318.3,325.4,329.2,333.3,340.7
3.75,302.3,313.9,320.6,327.3,340.2
4.25,295.0,313.7,323.5,333.7,354.2
4.75,287.3,312.8,326.5,341.3,372.2
5.25,296.0,316.7,327.4,338.8,362.1
5.75,304.1,322.5,332.6,343.5,364.5
6.25,290.9,310.2,321.2,332.6,354.2
6.75,301.9,322.1,333.5,344.5,367.1
7.25,287.5,320.8,338.1,356.5,393.9
7.75,251.0,290.3,311.1,334.0,379.0
8.25,257.3,298.1,321.4,347.2,402.5
8.75,286.7,326.0,349.8,375.8,430.4
9.25,259.9,300.5,324.5,349.5,404.6
9.75,245.0,283.9,305.5,328.3,379.3
10.25,233.2,265.5,284.7,304.9,346.0
10.75,232.2,266.7,286.9,308.0,352.3
11.25,232.0,270.6,293.8,319.3,371.5
11.75,248.1,284.0,304.5,325.9,370.3
12.25,244.8,278.2,297.0,316.2,356.4
12.75,250.5,279.7,296.5,313.8,349.4
13.25,259.3,291.0,309.2,328.4,366.4
13.75,291.7,323.2,340.1,357.2,390.9
14.25,362.7,397.2,417.1,437.1,480.1
14.75,337.0,386.5,413.1,441.6,502.7
15.25,363.5,417.2,446.9,480.3,550.2
15.75,404.4,457.5,486.5,514.7,574.5
16.25,445.0,470.7,484.5,499.4,528.5
16.75,365.3,402.5,421.8,441.1,476.5
17.25,352.2,391.7,414.4,438.0,487.3
17.75,346.1,402.7,435.6,471.5,551.3
18.25,354.2,417.1,450.1,484.8,556.5
18.75,314.2,356.7,381.9,409.4,468.6
19.25,292.0,333.6,357.2,382.6,434.8
19.75,268.9,312.5,336.8,361.9,416.4
20.25,266.1,304.9,326.8,351.1,397.5
20.75,274.5,315.3,339.2,366.2,424.3
21.25,275.7,317.3,342.7,369.2,425.4
21.75,280.5,320.6,343.2,367.4,418.8
22.25,273.6,310.3,331.6,355.1,402.2
22.75,269.0,297.1,313.4,331.3,370.2
23.25,252.6,275.0,287.3,300.0,325.0
23.75,243.1,270.5,285.2,300.2,332.1
24.25,249.7,281.5,299.8,319.6,361.6
24.75,282.2,327.8,356.1,385.1,448.2
25.25,308.2,360.9,393.0,427.8,505.1
25.75,319.2,376.4,410.7,448.2,530.2
26.25,326.9,388.1,424.4,462.6,548.0
26.75,324.2,393.2,431.3,472.9,569.1
27.25,330.7,393.5,432.1,474.6,568.0
27.75,336.9,408.9,449.4,497.3,614.3
28.25,353.4,430.3,474.7,525.2,650.7
28.75,375.4,457.1,504.3,560.1,684.4
29.25,400.9,484.3,534.3,589.0,712.3
29.75,418.1,500.0,549.8,604.9,729.5
30.25,421.7,494.5,541.5,591.5,696.0
30.75,410.3,488.5,535.8,586.8,702.8
31.25,400.0,481.8,531.2,584.1,705.5
31.75,397.1,480.8,530.3,584.4,698.8
32.25,414.4,497.0,544.3,598.0,714.8
32.75,449.5,527.7,571.7,621.0,723.7
33.25,509.2,579.8,621.2,663.4,753.1
33.75,621.5,689.8,725.4,762.7,840.6
34.25,679.6,764.1,810.1,861.3,970.0
34.75,706.4,792.7,847.2,900.1,1016.7
35.25,640.6,741.1,799.7,861.4,990.6
35.75,636.6,719.2,767.3,816.9,922.3
36.25,593.1,680.8,728.5,782.7,889.7
36.75,613.2,693.9,739.9,786.8,890.2
37.25,655.3,738.4,781.2,824.9,920.1
37.75,643.6,735.5,788.6,844.0,962.2
38.25,655.3,748.7,801.4,855.9,964.6
38.75,663.8,771.6,824.7,875.4,973.2
39.25,756.8,829.7,869.1,910.6,999.1
39.75,800.7,879.2,922.4,966.5,1060.3
40.25,983.4,1034.1,1059.9,1086.6,1141.7
40.75,856.3,906.9,933.8,962.9,1023.3
41.25,838.5,901.8,935.5,971.4,1046.8
41.75,761.2,843.9,891.4,941.4,1044.5
42.25,719.5,820.0,877.5,937.9,1069.8
42.75,732.9,841.8,902.0,967.2,1102.0
43.25,790.2,883.1,935.2,990.6,1105.6
43.75,805.0,897.8,954.3,1014.0,1134.2
44.25,817.4,921.9,981.9,1045.4,1185.8
44.75,843.1,935.5,987.0,1040.3,1162.3
45.25,868.0,937.7,976.6,1017.8,1110.8
45.75,844.1,938.5,989.7,1046.1,1163.1
46.25,842.4,945.7,1005.9,1068.0,1207.6
46.75,868.8,973.6,1033.8,1096.3,1227.5
47.25,890.2,1021.2,1098.9,1180.7,1360.5
47.75,955.3,1088.1,1160.5,1236.4,1403.9
48.25,1019.7,1129.1,1188.6,1255.8,1389.7
48.75,1043.1,1210.1,1304.1,1404.8,1609.6
49.25,1109.2,1258.1,1348.2,1442.7,1638.5
49.75,1105.3,1268.1,1367.3,1476.3,1702.3
50.25,1144.4,1328.9,1427.8,1527.1,1761.1
50.75,1261.3,1484.5,1642.5,1764.8,1969.4
51.25,1262.0,1422.5,1536.2,1688.1,1960.8
51.75,1222.5,1355.6,1432.3,1530.3,1830.8
52.25,1058.2,1208.6,1300.0,1389.6,1548.0
52.75,976.8,1118.7,1201.1,1293.8,1493.4
53.25,922.4,1049.6,1119.7,1195.7,1358.6
53.75,845.6,929.7,977.3,1041.7,1226.5
54.25,641.0,720.0,777.5,898.1,989.5
54.75,555.1,648.4,709.9,787.3,964.2
55.25,528.8,640.4,792.4,991.8,1184.3
55.75,765.3,915.8,1094.1,1220.4,1298.7
56.25,820.8,901.6,1147.9,1230.2,1307.4
56.75,515.2,656.3,876.7,961.6,1149.5
57.25,476.0,633.0,770.2,905.4,1126.5
57.75,456.9,619.6,734.5,865.6,1165.6
58.25,422.7,608.4,727.4,847.8,1171.9
58.75,417.0,607.9,716.5,845.2,1174.9
59.25,420.7,598.4,708.9,835.0,1135.6
59.75,417.8,592.3,703.9,837.5,1106.7
60.25,412.2,590.4,699.9,835.1,1127.3
60.75,412.1,590.5,698.6,833.2,1147.9
61.25,409.3,588.2,697.1,827.6,1132.1
61.75,422.7,596.4,703.7,820.1,1123.9
62.25,446.3,600.6,700.5,816.0,1107.3
62.75,456.4,606.7,696.4,805.3,1066.4
63.25,492.4,619.2,695.7,786.9,989.0
63.75,534.0,640.3,696.4,757.8,921.5
64.25,592.8,680.9,733.5,793.8,940.4
64.75,682.5,778.2,835.4,894.9,1028.4
65.25,737.3,845.4,905.6,971.9,1118.5
65.75,829.9,926.8,980.3,1037.2,1155.5
66.25,982.8,1062.0,1108.7,1159.5,1270.4
66.75,833.8,926.0,976.5,1029.7,1164.1
67.25,740.3,887.4,963.2,1047.0,1232.1
67.75,656.9,850.9,964.9,1095.9,1396.0
