age_bp,year_ce,co2_ppm,sd_ppm
-51.03,2001.03,368.02,0.06
-48,1998,361.78,0.37
-46.28,1996.28,359.65,0.10
-44.41,1994.41,357.11,0.16
-43.08,1993.08,353.95,0.04
-42.31,1992.31,353.72,0.22
-41.13,1991.13,352.42,0.10
-39.97,1989.97,350.81,0.16
-39.41,1989.41,349.80,0.14
-38.97,1988.97,349.28,0.13
-38.07,1988.07,347.60,0.40
-37.21,1987.21,345.44,0.03
-36.62,1986.62,344.72,0.09
-36.14,1986.14,343.97,0.06
-35.76,1985.76,343.11,0.14
-34.92,1984.92,342.05,0.46
-33.08,1983.08,341.33,0.10
-33.03,1983.03,339.46,0.30
-29.14,1979.14,334.85,0.37
-26.8,1976.8,335.55,0.63
-26.67,1976.67,332.37,1.27
-25.57,1975.57,332.37,0.04
-24.13,1974.13,331.55,0.63
-22.09,1972.09,328.42,0.63
-22.04,1972.04,330.35,2.21
-20.87,1970.87,326.31,1.34
-20.66,1970.66,326.65,1.16
-20.64,1970.64,324.91,0.18
-20.22,1970.22,324.56,0.63
-19.42,1969.42,324.71,0.63
-18.98,1968.98,325.08,0.63
-18.81,1968.81,324.09,0.63
-18.54,1968.54,320.38,1.16
-16.79,1966.79,320.49,1.16
-16.55,1966.55,322.17,1.34
-15.87,1965.87,320.98,1.74
-15.3,1965.3,319.20,0.95
-15.23,1965.23,319.89,0.63
-13.56,1963.56,319.12,0.94
-13.2,1963.2,319.07,0.63
-12.62,1962.62,318.61,0.90
-12.54,1962.54,317.45,0.63
-12.4,1962.4,319.14,0.63
-12.32,1962.32,317.52,0.63
-11.72,1961.72,316.59,0.64
-10.57,1960.57,318.21,1.72
-10.31,1960.31,313.09,1.81
-9.09,1959.09,311.98,1.81
-8.56,1958.56,316.33,0.94
-8.1,1958.1,316.10,1.72
-7.87,1957.87,314.57,0.41
-7.26,1957.26,315.27,1.16
-7.2,1957.2,316.33,0.13
-7.1,1957.1,314.44,0.79
-6.16,1956.16,315.34,0.64
-4.8,1954.8,314.71,2.21
-3.79,1953.79,313.17,0.63
-3.71,1953.71,312.80,0.63
-3.56,1953.56,312.22,1.42
-2.38,1952.38,312.18,0.41
-0.25,1950.25,312.00,0.64
0.33,1949.67,313.66,2.21
1.23,1948.77,309.69,0.41
2.29,1947.71,311.57,2.21
3.34,1946.66,310.36,0.63
3.37,1946.63,312.87,2.21
4.38,1945.62,312.56,2.21
4.44,1945.56,311.97,2.08
4.61,1945.39,311.81,3.12
5.04,1944.96,310.44,2.56
5.24,1944.76,311.28,0.41
5.49,1944.51,310.22,0.63
6.43,1943.57,312.36,2.21
7.79,1942.21,311.88,2.77
7.96,1942.04,312.84,2.56
8.22,1941.78,312.39,2.21
9.16,1940.84,311.80,2.21
9.25,1940.75,307.74,1.16
10.03,1939.97,309.80,0.64
10.41,1939.59,310.95,0.63
10.78,1939.22,311.21,0.63
11.03,1938.97,310.46,2.17
11.84,1938.16,308.48,0.64
11.87,1938.13,311.94,1.34
12.13,1937.87,311.52,2.21
12.23,1937.77,312.33,0.13
13.14,1936.86,307.41,1.16
14.13,1935.87,309.34,2.87
14.29,1935.71,307.26,1.16
14.94,1935.06,306.32,1.16
16.12,1933.88,309.63,0.63
16.41,1933.59,307.08,2.56
17.22,1932.78,305.94,1.16
17.46,1932.54,308.28,2.21
17.71,1932.29,308.26,0.63
19.17,1930.83,305.74,1.45
20.61,1929.39,305.38,0.07
21.26,1928.74,305.78,0.64
21.46,1928.54,305.71,0.94
21.84,1928.16,305.67,0.64
22.2,1927.8,308.02,3.18
24.69,1925.31,304.97,0.63
25.25,1924.75,304.72,1.72
27.16,1922.84,306.20,3.82
27.49,1922.51,303.18,0.94
30.29,1919.71,301.88,1.16
31.33,1918.67,304.61,2.21
32.13,1917.87,303.85,0.67
34.21,1915.79,301.92,0.63
35.61,1914.39,300.70,2.45
37.48,1912.52,301.30,0.63
38.71,1911.29,299.26,1.72
38.9,1911.1,297.73,1.72
39.28,1910.72,298.11,2.56
40.24,1909.76,297.87,1.16
41.48,1908.52,301.50,2.21
44.23,1905.77,299.63,0.64
44.46,1905.54,297.33,0.63
44.65,1905.35,299.02,0.63
46.09,1903.91,295.99,0.94
48.3,1901.7,295.61,1.33
49.82,1900.18,294.22,1.16
51.06,1898.94,297.05,2.21
51.34,1898.66,295.28,0.63
56.24,1893.76,293.81,0.94
56.34,1893.66,293.17,1.72
56.94,1893.06,295.32,0.64
57.12,1892.88,294.86,1.72
57.61,1892.39,295.17,0.63
60.13,1889.87,290.92,1.16
60.99,1889.01,292.34,0.68
62.61,1887.39,294.34,0.63
64.4,1885.6,288.12,2.01
65.82,1884.18,289.23,0.62
66.21,1883.79,289.76,0.94
67.08,1882.92,292.46,0.95
70.05,1879.95,287.77,1.16
73.09,1876.91,289.33,0.63
76.26,1873.74,291.56,2.21
77.17,1872.83,286.66,1.34
79.96,1870.04,286.33,1.16
80.34,1869.66,287.99,0.63
81.59,1868.41,289.54,1.72
82.27,1867.73,287.99,0.41
83.26,1866.74,285.05,1.68
85.87,1864.13,286.65,1.16
87.02,1862.98,285.35,0.94
88.17,1861.83,287.17,0.63
91.16,1858.84,286.63,0.41
93.38,1856.62,283.16,1.16
95.28,1854.72,285.57,0.63
96.29,1853.71,288.05,2.21
98.89,1851.11,285.47,0.63
99.17,1850.83,288.79,0.41
99.74,1850.26,284.00,1.16
102.68,1847.32,286.84,0.64
104.1,1845.9,283.62,1.34
105.35,1844.65,283.18,1.16
105.54,1844.46,283.53,1.16
106.71,1843.29,281.58,1.16
109.17,1840.83,283.65,0.63
113.3,1836.7,284.15,0.94
116.82,1833.18,283.82,0.94
117.13,1832.87,285.09,0.95
123.08,1826.92,285.91,0.64
125.26,1824.74,281.36,0.94
136.34,1813.66,284.43,0.94
150.66,1799.34,282.80,0.79
153.53,1796.47,280.40,1.72
154.06,1795.94,282.30,0.63
155.9,1794.1,281.62,0.94
169.7,1780.3,273.07,0.41
170.51,1779.49,280.24,0.63
176.54,1773.46,277.86,0.94
186.3,1763.7,276.40,0.94
187.12,1762.88,277.16,0.63
197.87,1752.13,278.00,0.63
198.07,1751.93,276.46,0.94
200.88,1749.12,277.60,0.63
208.74,1741.26,276.81,0.94
216.13,1733.87,278.31,0.94
226.99,1723.01,277.01,0.94
227.14,1722.86,278.27,1.27
255.93,1694.07,277.36,0.63
260.26,1689.74,276.32,0.94
268.11,1681.89,276.66,0.63
300.9,1649.1,278.02,0.63
310.19,1639.81,276.69,0.94
321.4,1628.6,273.78,0.41
340.54,1609.46,271.11,0.41
346.58,1603.42,275.07,0.63
359.01,1590.99,279.36,0.95
361.82,1588.18,281.11,0.94
376.99,1573.01,282.57,0.64
390.14,1559.86,281.83,0.94
400.35,1549.65,283.53,1.27
420.32,1529.68,283.95,0.64
448.47,1501.53,283.12,0.64
480.6,1469.4,280.31,1.27
500.84,1449.16,282.23,0.95
521.2,1428.8,279.73,0.41
539.14,1410.86,279.70,0.94
559.67,1390.33,280.91,0.63
601.15,1348.85,278.36,0.41
619.88,1330.12,284.07,0.64
642.55,1307.45,281.58,0.94
671.8,1278.2,278.43,0.41
690.49,1259.51,282.20,0.94
698.73,1251.27,282.41,0.63
739.05,1210.95,283.69,0.94
750.19,1199.81,284.54,0.64
784.02,1165.98,283.97,1.41
803.71,1146.29,284.51,1.27
834.39,1115.61,282.84,0.94
850.59,1099.41,283.09,0.64
879.8,1070.2,282.84,0.94
900.82,1049.18,280.97,0.63
909.92,1040.08,280.92,0.94
930.73,1019.27,280.06,0.63
932.42,1017.58,279.80,1.34
967.35,982.65,278.74,1.41
992.35,957.65,277.41,0.41
1035.87,914.13,280.11,2.21
1074.59,875.41,279.42,1.41
1127.67,822.33,278.62,1.41
1156.9,793.1,279.72,2.21
1187.7,762.3,279.29,2.21
1219.57,730.43,279.99,0.41
1248.75,701.25,277.10,0.41
1280.82,669.18,278.45,0.41
1313,637,279.59,0.41
1335.48,614.52,277.87,0.41
1367.59,582.41,276.20,0.41
1392.53,557.47,278.46,3.85
1398.38,551.62,276.56,0.41
1432.04,517.96,276.79,0.94
1461.87,488.13,277.11,0.41
1513.06,436.94,280.00,0.41
1543.64,406.36,279.13,0.41
1565.77,384.23,277.25,0.41
1592.67,357.33,277.80,0.41
1632.45,317.55,281.69,0.41
1654.4,295.6,280.91,0.41
1675.56,274.44,280.24,2.56
1683.9,266.1,278.31,0.62
1709.4,240.6,280.25,0.62
1775.47,174.53,277.56,0.41
1796.47,153.53,278.07,0.41
1814,136,278.10,1.00
1846,104,277.50,1.00
1894,56,277.40,1.00
1920,30,277.90,1.00
1949,1,276.70,1.00
1999.71,-49.71,278.00,1.20
2093.36,-143.36,276.90,0.70
2234.24,-284.24,276.70,0.80
2265.55,-315.55,276.70,0.80
2414.32,-464.32,277.60,1.30
2526.12,-576.12,277.90,0.50
2628.02,-678.02,273.90,1.10
2708.48,-758.48,278.90,0.60
2801.76,-851.76,275.30,1.60
2904.55,-954.55,274.70,1.20
2948.82,-998.82,276.30,0.90
3056.6,-1106.6,274.60,0.80
3255.73,-1305.73,276.30,1.50
3283.66,-1333.66,273.10,1.10
3431.12,-1481.12,274.00,0.30
3528.29,-1578.29,275.00,0.60
3644.46,-1694.46,273.40,1.30
3693.41,-1743.41,273.00,0.80
3806.86,-1856.86,271.50,1.00
3856.17,-1906.17,275.40,0.50
3968.95,-2018.95,274.90,1.30
4108.67,-2158.67,271.70,1.00
4205.84,-2255.84,271.60,0.70
4275.08,-2325.08,272.80,0.80
4342.82,-2392.82,271.50,0.90
4494.36,-2544.36,271.10,0.80
4592.82,-2642.82,269.10,0.60
4647.46,-2697.46,269.80,1.00
4773,-2823,271.50,0.80
4921.2,-2971.2,270.70,0.50
4981.58,-3031.58,269.30,1.00
5086.79,-3136.79,268.60,1.10
5218.57,-3268.57,269.80,1.20
5311.18,-3361.18,267.60,0.60
5357.55,-3407.55,265.30,1.70
5533.29,-3583.29,265.20,0.80
5581.3,-3631.3,267.60,2.00
5757.61,-3807.61,265.90,0.90
5852.26,-3902.26,265.50,0.80
5934.09,-3984.09,260.70,1.60
5999.38,-4049.38,266.70,0.90
6089.81,-4139.81,265.50,0.80
6301.96,-4351.96,263.20,0.60
6337.21,-4387.21,262.70,0.90
6401.24,-4451.24,261.20,0.70
6572.29,-4622.29,261.10,0.40
6682.55,-4732.55,259.40,0.60
6769.65,-4819.65,262.10,0.90
6880.31,-4930.31,262.90,0.50
6970.08,-5020.08,258.10,1.40
7038.27,-5088.27,257.60,0.90
7188.07,-5238.07,262.30,0.90
7274.01,-5324.01,263.00,0.70
7405.32,-5455.32,260.70,0.60
7497.87,-5547.87,258.40,0.80
7661.37,-5711.37,260.10,0.60
7719.59,-5769.59,260.40,0.40
7860.18,-5910.18,259.70,0.90
7926.37,-5976.37,259.20,0.70
7975.85,-6025.85,260.80,1.40
8116.28,-6166.28,259.60,0.50
8194.8,-6244.8,259.30,0.90
8351.88,-6401.88,258.30,1.20
8459.68,-6509.68,261.30,0.90
8546.58,-6596.58,260.70,0.40
8710.68,-6760.68,261.80,1.00
8781.28,-6831.28,259.00,1.10
8911.85,-6961.85,260.90,0.70
8992.99,-7042.99,260.40,0.60
9060.17,-7110.17,259.30,1.00
9143.01,-7193.01,262.00,0.80
9295.31,-7345.31,263.70,1.20
9361.12,-7411.12,263.80,0.80
9436.7,-7486.7,265.20,0.90
9518.06,-7568.06,260.60,1.70
9524.44,-7574.44,260.90,0.60
9555.86,-7605.86,263.00,0.40
9573.27,-7623.27,263.80,1.20
9901.04,-7951.04,264.40,0.40
9992.61,-8042.61,264.20,0.90
10134.5,-8184.5,264.00,0.30
10193,-8242.95,263.40,0.10
10299.5,-8349.55,265.70,0.50
10366.6,-8416.56,264.90,0.40
10505.5,-8555.55,267.50,0.40
10680.5,-8730.48,266.90,0.60
10801.8,-8851.81,266.00,1.10
10835.7,-8885.74,265.10,1.60
10954.5,-9004.48,267.60,0.70
11089.6,-9139.62,264.80,0.60
11161.1,-9211.06,264.80,0.40
11185.9,-9235.87,265.00,0.80
11200.6,-9250.58,265.30,0.40
11256.6,-9306.57,264.40,1.50
11317,-9366.98,264.10,0.70
11339.4,-9389.37,264.81,1.67
11383.2,-9433.16,264.84,1.29
11399.9,-9449.86,268.16,2.55
11417.5,-9467.45,264.48,2.04
11435.9,-9485.93,270.14,2.11
11453.1,-9503.06,268.87,0.70
11472.8,-9522.8,269.10,2.52
11490.5,-9540.45,267.17,0.85
11507.2,-9557.23,267.66,1.15
11523.9,-9573.93,269.51,0.85
11543.6,-9593.6,266.90,0.66
11559.6,-9609.61,262.74,1.42
11576.4,-9626.41,267.09,0.50
11592.2,-9642.24,260.70,0.29
11611.3,-9661.31,261.30,1.52
11629,-9678.97,266.22,2.41
11647.9,-9697.92,257.13,1.34
11664.5,-9714.54,247.55,0.34
11682.8,-9732.82,254.62,0.88
11701.4,-9751.44,253.99,1.46
11719.7,-9769.72,256.04,1.26
11740.6,-9790.65,255.89,1.40
11759.2,-9809.21,258.74,1.48
11780.7,-9830.72,258.25,0.33
11802.8,-9852.79,258.53,1.78
11820.5,-9870.5,257.17,1.48
11843.3,-9893.33,254.31,1.34
11863.1,-9913.12,253.63,1.59
11883.2,-9933.17,251.56,0.58
11904.9,-9954.91,255.90,1.16
11927,-9976.96,258.57,5.26
11948.1,-9998.09,248.92,2.04
11969.5,-10019.5,253.99,1.30
11990.7,-10040.7,255.39,1.39
12015.9,-10065.9,247.85,1.45
12037.3,-10087.3,248.41,0.35
12058.8,-10108.8,253.10,0.70
12079.9,-10129.9,251.03,2.57
12105.2,-10155.2,255.66,1.99
12124.6,-10174.6,253.02,0.87
12146.5,-10196.5,251.14,1.41
12168.5,-10218.5,251.42,0.85
12190.4,-10240.4,250.97,0.73
12211.3,-10261.3,249.65,1.23
12232.9,-10282.9,249.23,1.60
12256.5,-10306.5,248.95,1.48
12280.8,-10330.8,249.38,1.33
12301,-10351,248.92,0.29
12321.3,-10371.3,250.73,1.37
12343.1,-10393.1,246.97,0.76
12365.3,-10415.3,244.31,1.16
12388.3,-10438.3,243.00,1.21
12409.4,-10459.4,246.40,1.45
12431.9,-10481.9,247.67,0.82
12454.8,-10504.8,245.83,0.56
12475.4,-10525.4,246.18,0.79
12495.8,-10545.8,244.42,1.18
12521.4,-10571.4,246.74,1.29
12543.7,-10593.7,249.92,1.72
12564.6,-10614.6,244.27,1.21
12586.6,-10636.6,247.02,0.27
12607.6,-10657.6,248.09,1.18
12629.9,-10679.9,246.94,0.45
12653.6,-10703.6,243.95,1.68
12673.9,-10723.9,242.53,0.96
12697.1,-10747.1,244.24,0.96
12719.8,-10769.8,241.59,1.07
12739.9,-10789.9,247.30,0.41
12762.6,-10812.6,240.02,1.12
12785.6,-10835.6,241.50,2.09
12809.3,-10859.3,242.23,1.95
12830.1,-10880.1,242.15,1.34
12852.7,-10902.7,239.35,1.29
12874,-10924,241.24,1.30
12893.4,-10943.4,239.44,0.79
12917.1,-10967.1,238.79,1.12
12939.2,-10989.2,238.18,2.82
12959.8,-11009.8,240.71,0.95
12980.9,-11030.9,237.15,0.81
13001.1,-11051.1,239.42,2.09
13021.9,-11071.9,234.68,0.19
13043.7,-11093.7,238.86,1.94
13066.6,-11116.6,237.91,2.24
13088.2,-11138.2,241.56,1.16
13128.5,-11178.5,234.82,0.11
13172.7,-11222.7,236.91,0.96
13216.2,-11266.2,239.41,0.69
13267,-11317,240.42,0.15
13304.1,-11354.1,236.86,0.34
13418.1,-11468.1,237.83,1.87
13486.7,-11536.7,240.25,1.41
13531.8,-11581.8,235.83,0.40
13600.8,-11650.8,243.86,0.12
13645.4,-11695.4,238.55,0.46
13712.8,-11762.8,241.59,1.23
13758.7,-11808.7,241.11,2.22
13827.2,-11877.2,239.08,0.10
13871.6,-11921.6,237.95,0.85
13940.2,-11990.2,240.57,0.57
14001.8,-12051.8,235.92,1.04
14022.9,-12072.9,237.87,1.09
14060.1,-12110.1,241.27,1.17
14084.5,-12134.5,232.88,1.52
14120.1,-12170.1,236.40,0.13
14156.6,-12206.6,239.24,0.42
14179.5,-12229.5,239.36,0.81
14205.6,-12255.6,238.36,1.89
14237.5,-12287.5,236.60,1.19
14273,-12323,240.21,1.33
14298.7,-12348.7,239.04,0.22
14308.6,-12358.6,235.80,1.10
14343.2,-12393.2,242.08,1.09
14354.5,-12404.5,238.39,0.49
14375,-12425,240.33,1.05
14410.6,-12460.6,242.55,1.42
14422.2,-12472.2,242.60,1.76
14443.3,-12493.3,240.95,0.35
14463.6,-12513.6,238.61,0.77
14497.2,-12547.2,242.06,2.25
14520.9,-12570.9,241.14,1.27
14531.3,-12581.3,243.17,0.81
14541.7,-12591.7,235.83,0.56
14552.9,-12602.9,241.73,0.42
14563.5,-12613.5,239.86,1.46
14575.9,-12625.9,239.77,1.74
14586.2,-12636.2,237.97,1.14
14595.5,-12645.5,235.31,0.61
14606.2,-12656.2,237.59,0.85
14619.4,-12669.4,237.97,0.76
14630,-12680,240.10,1.12
14645.2,-12695.2,238.12,0.60
14652.3,-12702.3,234.62,0.39
14664.1,-12714.1,233.42,0.29
14675.1,-12725.1,234.34,1.04
14686.4,-12736.4,237.49,0.29
14696.7,-12746.7,228.91,0.44
14707,-12757,228.18,0.77
14718.1,-12768.1,230.53,1.10
14730.9,-12780.9,234.54,1.23
14743.2,-12793.2,231.48,1.10
14758.5,-12808.5,227.90,0.75
14763.4,-12813.4,224.64,0.78
14776.3,-12826.3,227.39,1.12
14787.8,-12837.8,227.79,0.23
14799.1,-12849.1,228.50,1.02
14810.6,-12860.6,227.58,0.43
14822.4,-12872.4,226.51,0.70
14834.8,-12884.8,228.40,0.01
14844.8,-12894.8,227.87,0.41
14857.5,-12907.5,233.17,1.47
14869.2,-12919.2,232.22,0.59
14880.7,-12930.7,227.85,1.11
14892.5,-12942.5,230.63,1.24
14904.2,-12954.2,228.72,0.54
14915.9,-12965.9,228.36,0.53
14929,-12979,228.47,0.34
14953.7,-13003.7,228.89,1.23
14976.5,-13026.5,229.79,2.09
14987.3,-13037.3,227.65,1.22
15011.5,-13061.5,228.37,1.02
15034.8,-13084.8,225.38,0.84
15072.5,-13122.5,228.99,0.24
15095.8,-13145.8,234.47,0.02
15133.5,-13183.5,229.67,0.63
15156.5,-13206.5,228.81,0.89
15181.1,-13231.1,227.84,1.04
15218.9,-13268.9,230.18,0.33
15243.4,-13293.4,228.27,1.21
15280.7,-13330.7,225.77,0.92
15320.9,-13370.9,227.64,1.42
15345.2,-13395.2,228.92,0.96
15382.9,-13432.9,225.39,1.57
15410.1,-13460.1,224.74,0.75
15462.9,-13512.9,223.27,1.38
15546.4,-13596.4,223.53,0.35
15649.4,-13699.4,222.76,1.37
15704.8,-13754.8,222.16,0.57
15767.7,-13817.7,224.86,1.87
15845,-13895,222.36,0.44
15920.2,-13970.2,223.51,0.65
15936.5,-13986.5,223.77,0.64
15995.5,-14045.5,223.72,2.06
15999,-14049,224.41,0.18
16014.7,-14064.7,222.39,0.89
16033.8,-14083.8,224.48,1.43
16083,-14133,224.24,0.82
16114.1,-14164.1,222.41,1.31
16151.2,-14201.2,224.86,1.02
16166.7,-14216.7,226.19,0.07
16187.5,-14237.5,221.49,1.18
16208.7,-14258.7,227.32,1.21
16223,-14273,223.24,0.55
16240.6,-14290.6,220.49,1.06
16260.7,-14310.7,218.56,0.97
16278.7,-14328.7,214.22,0.59
16297,-14347,212.84,0.75
16317.4,-14367.4,214.60,0.60
16337.2,-14387.2,212.43,1.19
16354.2,-14404.2,214.83,1.20
16374.9,-14424.9,211.21,0.50
16391.9,-14441.9,209.51,0.82
16410.7,-14460.7,212.95,0.94
16431.3,-14481.3,211.79,1.81
16458.4,-14508.4,217.19,0.28
16472,-14522,213.94,1.11
16509.9,-14559.9,207.95,0.12
16553.5,-14603.5,208.65,0.52
16590,-14640,208.46,0.84
16655.9,-14705.9,213.15,0.81
16733.5,-14783.5,210.25,1.10
16797.5,-14847.5,205.53,0.96
16869.3,-14919.3,205.19,0.96
16928.8,-14978.8,202.93,0.68
16994.8,-15044.8,204.32,1.09
17091.8,-15141.8,202.10,1.05
17163.7,-15213.7,198.63,1.30
17236.2,-15286.2,198.29,0.78
17287.9,-15337.9,195.88,0.50
17311.9,-15361.9,194.65,0.27
17360.5,-15410.5,190.50,0.91
17385.3,-15435.3,193.02,0.39
17410,-15460,191.89,0.27
17435,-15485,190.76,0.47
17461,-15511,193.00,0.46
17485.3,-15535.3,191.48,0.50
17510.9,-15560.9,191.59,0.05
17534.6,-15584.6,192.37,0.61
17561.5,-15611.5,192.62,0.30
17586.2,-15636.2,196.96,0.86
17612,-15662,195.79,0.24
17637.9,-15687.9,193.21,1.23
17665.1,-15715.1,194.38,0.56
17691.2,-15741.2,191.52,1.33
17717,-15767,189.52,0.56
17743.8,-15793.8,190.41,0.24
17769.7,-15819.7,191.70,0.33
17797.6,-15847.6,187.25,0.66
17825.4,-15875.4,191.21,1.24
17854.6,-15904.6,189.52,0.72
17881,-15931,190.26,1.19
17907.2,-15957.2,191.72,0.26
17936,-15986,188.54,0.98
17965.8,-16015.8,188.66,0.10
17992,-16042,188.96,0.64
18024.5,-16074.5,187.79,1.10
18050.1,-16100.1,187.73,0.50
18081.6,-16131.6,188.64,0.47
18110.6,-16160.6,188.59,1.48
18139.8,-16189.8,184.88,0.23
18173.2,-16223.2,189.01,1.13
18201.8,-16251.8,185.65,0.95
18232.2,-16282.2,188.88,0.47
18264.7,-16314.7,188.52,1.16
18295.8,-16345.8,189.03,0.19
18324.4,-16374.4,187.12,0.84
18360.3,-16410.3,188.73,0.18
18391.2,-16441.2,188.21,1.16
18422.4,-16472.4,188.47,0.75
18457.8,-16507.8,187.45,1.07
18486.6,-16536.6,187.09,0.70
18520,-16570,187.67,0.14
18582.9,-16632.9,188.57,0.62
18677.4,-16727.4,193.90,0.50
18747,-16797,191.27,1.01
18803.6,-16853.6,192.97,1.10
18835.2,-16885.2,188.44,0.82
18866.9,-16916.9,188.50,0.53
18993.8,-17043.8,192.71,1.75
19152.8,-17202.8,191.09,1.12
19282.2,-17332.2,191.58,0.84
19442.7,-17492.7,191.52,1.30
19568.2,-17618.2,188.95,0.25
19629.5,-17679.5,191.42,0.59
19791.2,-17841.2,193.60,0.53
19883.9,-17933.9,196.06,0.42
20018.7,-18068.7,193.72,0.75
20213.3,-18263.3,190.47,1.21
20407.6,-18457.6,189.99,0.65
20536.8,-18586.8,193.93,0.69
20666.5,-18716.5,187.76,0.93
20828.4,-18878.4,192.66,1.09
20964.4,-19014.4,190.87,0.82
21067.7,-19117.7,188.40,0.87
21212.7,-19262.7,190.05,0.07
21345.2,-19395.2,187.24,1.16
21562.8,-19612.8,185.23,0.31
21790.6,-19840.6,187.96,0.22
21913.6,-19963.6,190.78,0.95
22055.6,-20105.6,187.38,1.55
22230.9,-20280.9,191.27,0.99
22292.2,-20342.2,187.22,0.45
22347.6,-20397.6,187.02,1.25
22550.1,-20600.1,184.68,0.20
22604.1,-20654.1,185.21,1.63
22650.8,-20700.8,188.49,0.23
22749.3,-20799.3,190.01,0.25
22833.6,-20883.6,186.13,0.13
22994,-21044,189.40,1.13
23013.8,-21063.8,190.53,0.64
23107.3,-21157.3,190.08,0.82
23185,-21235,188.60,0.87
23276.7,-21326.7,197.67,1.29
23358.4,-21408.4,193.53,1.72
23445.2,-21495.2,186.78,0.46
23600.5,-21650.5,187.99,0.41
23873.8,-21923.8,183.13,0.03
24077.7,-22127.7,184.68,0.62
24269.8,-22319.8,186.73,0.92
24643.6,-22693.6,180.57,2.72
25163.6,-23213.6,180.69,0.78
25351.1,-23401.1,182.66,0.08
25543.6,-23593.6,183.38,0.62
25786,-23836,186.54,0.58
26016,-24066,184.52,0.41
26254.5,-24304.5,184.57,0.52
26315,-24365,183.77,0.53
26460.7,-24510.7,186.01,0.81
26537.1,-24587.1,185.51,0.53
26703.7,-24753.7,185.44,0.33
26857.8,-24907.8,186.43,0.22
26954.9,-25004.9,188.08,0.80
27042,-25092,187.39,0.21
27084.8,-25134.8,186.27,0.06
27170.2,-25220.2,194.93,0.48
27280.1,-25330.1,190.06,0.47
27441.9,-25491.9,191.95,0.84
27502.8,-25552.8,191.23,1.92
27549.7,-25599.7,191.53,1.94
27586.4,-25636.4,191.95,0.38
27661.3,-25711.3,191.46,0.69
27687,-25737,192.71,0.08
27714.1,-25764.1,190.61,1.64
27718.6,-25768.6,189.30,0.32
27820.7,-25870.7,187.59,0.87
27866.4,-25916.4,190.58,0.49
27885,-25935,189.28,0.12
27927.1,-25977.1,188.99,0.39
27973.2,-26023.2,189.29,0.31
28097.3,-26147.3,189.96,0.64
28214.1,-26264.1,191.82,0.28
28271.6,-26321.6,191.59,0.32
28369.7,-26419.7,192.63,1.67
28413.9,-26463.9,189.16,0.24
28426.9,-26476.9,189.65,0.56
28577.4,-26627.4,193.10,0.05
28626.4,-26676.4,192.82,0.16
28724.3,-26774.3,193.80,0.20
28841.9,-26891.9,193.89,0.34
28902.7,-26952.7,192.69,0.54
28948.6,-26998.6,193.26,0.73
29008.9,-27058.9,192.87,0.49
29150.7,-27200.7,192.26,0.17
29205.3,-27255.3,188.10,0.03
29249.6,-27299.6,192.39,0.97
29323.9,-27373.9,191.01,0.89
29366.1,-27416.1,189.83,0.30
29410.2,-27460.2,189.21,0.66
29609.2,-27659.2,189.24,0.04
29681.2,-27731.2,189.77,0.25
29742.8,-27792.8,191.28,0.27
29837.8,-27887.8,190.97,0.16
29952.1,-28002.1,191.38,1.23
29999,-28049,191.57,0.22
30101.5,-28151.5,188.25,0.59
30181.7,-28231.7,188.48,0.62
30277.9,-28327.9,186.52,0.08
30312.7,-28362.7,185.99,0.60
30400.5,-28450.5,184.30,0.30
30528.8,-28578.8,182.94,0.43
30713,-28763,187.14,0.20
30775.7,-28825.7,190.33,0.73
31105.2,-29155.2,188.00,0.06
31356.4,-29406.4,188.48,0.78
31524.1,-29574.1,189.95,0.36
31792.1,-29842.1,193.71,1.23
31818.4,-29868.4,192.93,1.13
31933.9,-29983.9,192.51,0.11
32026.9,-30076.9,193.33,0.43
32079.6,-30129.6,193.91,1.12
32147.5,-30197.5,196.42,0.49
32150.6,-30200.6,196.91,1.31
32307.9,-30357.9,192.47,1.94
32361.2,-30411.2,195.25,0.28
32434.8,-30484.8,194.11,0.53
32511.1,-30561.1,194.61,0.37
32594.6,-30644.6,194.43,0.41
32677.8,-30727.8,195.08,0.29
32714.1,-30764.1,195.94,0.26
32813.1,-30863.1,199.30,2.55
32880.9,-30930.9,196.70,0.80
33009,-31059,196.33,0.46
33148.3,-31198.3,197.65,0.22
33417.5,-31467.5,196.90,0.54
33491.4,-31541.4,197.13,0.41
33555.3,-31605.3,197.80,0.27
33758.1,-31808.1,200.03,0.69
33841,-31891,195.63,0.74
33885.7,-31935.7,195.27,0.45
33907.5,-31957.5,194.46,0.66
33925.9,-31975.9,194.47,0.03
33957,-32007,196.47,0.45
33991.5,-32041.5,195.41,0.33
34064.2,-32114.2,195.93,1.02
34190.3,-32240.3,194.89,0.62
34250.8,-32300.8,195.79,0.76
34312.8,-32362.8,196.27,0.24
34334.4,-32384.4,196.20,0.32
34556.9,-32606.9,199.65,0.74
34602.6,-32652.6,199.49,0.64
34620,-32670,200.29,0.43
34647.8,-32697.8,198.89,0.98
34710.6,-32760.6,197.16,1.20
34825.6,-32875.6,202.80,0.03
34866.8,-32916.8,203.09,0.48
35089.6,-33139.6,198.78,0.57
35165.8,-33215.8,203.60,0.36
35281.7,-33331.7,205.38,0.10
35337,-33387,204.47,1.22
35359.4,-33409.4,203.62,0.87
35383,-33433,201.36,0.26
35445.8,-33495.8,200.30,0.80
35497.1,-33547.1,201.06,1.01
35508.5,-33558.5,202.04,0.90
35530.7,-33580.7,201.89,0.65
35568,-33618,201.83,0.99
35672.5,-33722.5,201.81,0.24
35701.6,-33751.6,200.50,0.63
35854.6,-33904.6,203.29,1.07
35948.3,-33998.3,198.80,0.37
36086.5,-34136.5,204.12,1.32
36173.1,-34223.1,201.78,0.23
36261.8,-34311.8,200.09,0.63
36506.3,-34556.3,198.96,0.95
36591.8,-34641.8,205.10,1.14
36669.6,-34719.6,203.77,0.16
36712.8,-34762.8,203.75,0.01
36820.2,-34870.2,202.76,1.16
36939.8,-34989.8,203.51,0.23
37023.4,-35073.4,206.36,1.13
37118.6,-35168.6,210.16,0.89
37143.2,-35193.2,207.35,0.16
37296.5,-35346.5,208.25,0.95
37302,-35352,209.66,0.59
37338.1,-35388.1,206.59,0.12
37431,-35481,212.51,1.47
37461.3,-35511.3,209.84,0.53
37618.6,-35668.6,214.30,0.40
37647.5,-35697.5,212.14,0.72
37777.2,-35827.2,212.09,1.62
37895,-35945,214.21,1.09
38000.3,-36050.3,211.21,0.68
38088.5,-36138.5,214.36,1.48
38165.6,-36215.6,208.34,0.59
38192.4,-36242.4,206.52,0.45
38284.2,-36334.2,207.41,0.17
38359.2,-36409.2,208.00,0.67
38412.8,-36462.8,210.79,0.64
38472.9,-36522.9,207.23,0.04
38533.2,-36583.2,210.08,0.40
38573.6,-36623.6,208.23,1.98
38621.8,-36671.8,204.79,0.46
38670.8,-36720.8,204.46,0.74
38723.4,-36773.4,206.54,0.31
38812.6,-36862.6,206.09,0.26
38874.7,-36924.7,205.65,0.02
38955.6,-37005.6,205.99,1.31
38976.8,-37026.8,202.34,1.42
39053.6,-37103.6,204.28,0.68
39120.5,-37170.5,207.32,0.20
39265.7,-37315.7,208.69,1.70
39303.2,-37353.2,209.50,0.47
39319.9,-37369.9,209.33,0.48
39339.8,-37389.8,207.87,0.79
39379.4,-37429.4,204.78,1.06
39402.9,-37452.9,191.53,0.90
39454.4,-37504.4,198.14,1.03
39515.4,-37565.4,200.40,1.36
39621,-37671,195.70,2.08
39709.2,-37759.2,196.67,1.06
39757.1,-37807.1,193.58,1.16
39885,-37935,193.87,0.20
39900.5,-37950.5,197.55,0.67
40042.7,-38092.7,192.60,2.21
40112.1,-38162.1,193.08,0.44
40145.3,-38195.3,193.69,0.42
40308.4,-38358.4,197.90,1.39
40485.9,-38535.9,201.32,1.37
40553.4,-38603.4,201.48,1.09
40754.3,-38804.3,200.47,0.74
40907.4,-38957.4,200.97,1.92
41167.9,-39217.9,201.53,1.88
41303.6,-39353.6,204.19,1.54
41606,-39656,205.49,0.99
41759.2,-39809.2,201.12,1.00
41900.7,-39950.7,199.89,1.36
42315.8,-40365.8,200.90,1.24
42628.3,-40678.3,204.83,0.19
42849.9,-40899.9,206.35,1.07
42968.1,-41018.1,204.26,0.76
43171.9,-41221.9,203.16,1.43
43350.7,-41400.7,201.66,1.81
43515.8,-41565.8,204.22,0.86
43661.2,-41711.2,203.18,1.05
43809,-41859,201.69,1.13
44095.2,-42145.2,204.31,0.92
44204.4,-42254.4,202.00,0.52
44350.5,-42400.5,206.22,1.86
44490.5,-42540.5,204.83,1.32
44655.5,-42705.5,212.29,0.85
44816,-42866,210.44,0.56
44996.2,-43046.2,211.49,0.35
45142,-43192,207.95,0.71
45280.4,-43330.4,213.92,0.82
45460.3,-43510.3,214.50,0.81
45696.1,-43746.1,217.51,2.16
45877.1,-43927.1,222.72,0.33
46057.3,-44107.3,221.77,1.74
46181.3,-44231.3,219.25,1.19
46308.6,-44358.6,218.35,1.45
46635.9,-44685.9,216.42,1.44
46746.4,-44796.4,214.18,0.99
46887.9,-44937.9,210.84,1.50
47086.3,-45136.3,210.27,0.53
47315,-45365,207.60,1.20
47524.4,-45574.4,204.26,0.98
47710.4,-45760.4,203.79,0.39
47943.8,-45993.8,205.66,0.97
48223.2,-46273.2,206.18,2.05
48427.9,-46477.9,200.98,0.56
48987.9,-47037.9,201.58,0.88
49303,-47353,200.12,0.40
49462.7,-47512.7,204.06,1.22
49728.3,-47778.3,203.87,1.26
50006.5,-48056.5,204.38,1.65
50220.6,-48270.6,206.74,0.48
50527.4,-48577.4,207.41,0.46
51029.2,-49079.2,207.64,0.91
51431.4,-49481.4,211.57,0.39
51779.5,-49829.5,215.08,1.77
52086.8,-50136.8,213.82,0.73
52384.8,-50434.8,219.08,0.28
52573.7,-50623.7,220.72,0.36
52800.7,-50850.7,221.15,1.09
53108.2,-51158.2,223.72,1.68
53400.4,-51450.4,223.26,0.89
53806.2,-51856.2,221.14,1.49
54156.6,-52206.6,220.37,0.85
54387.1,-52437.1,217.96,1.84
54694.6,-52744.6,213.89,1.14
55014.5,-53064.5,216.86,0.61
55293.5,-53343.5,208.19,0.72
55553.1,-53603.1,214.78,0.55
55909.5,-53959.5,210.27,1.23
56237.1,-54287.1,207.67,0.81
56503.6,-54553.6,212.44,0.67
57210.9,-55260.9,215.70,0.63
57476.3,-55526.3,217.38,2.49
57843.7,-55893.7,223.72,0.49
58217,-56267,224.35,0.80
58433.3,-56483.3,223.15,1.22
59105.1,-57155.1,231.29,0.15
59380.4,-57430.4,226.35,1.37
59733.5,-57783.5,223.45,0.70
60109.9,-58159.9,216.66,0.84
60373.1,-58423.1,212.87,0.71
60516.6,-58566.6,217.25,0.60
60817.6,-58867.6,213.78,1.38
61060.9,-59110.9,207.95,1.26
61234.8,-59284.8,210.57,1.01
61554.1,-59604.1,210.90,0.70
61900.7,-59950.7,206.38,1.20
62552,-60602,202.56,0.95
62774.6,-60824.6,202.71,2.34
62960.9,-61010.9,200.15,0.65
63555.8,-61605.8,197.40,1.22
63896.9,-61946.9,197.24,0.78
64113.8,-62163.8,199.73,1.31
64657.3,-62707.3,203.70,0.51
64867.4,-62917.4,201.67,1.19
65046.7,-63096.7,199.17,0.66
65546.4,-63596.4,208.98,3.34
65764.5,-63814.5,198.17,0.74
65937.2,-63987.2,200.59,1.46
66439.3,-64489.3,204.39,2.87
66959.7,-65009.7,207.21,1.69
67314.6,-65364.6,201.14,2.00
67729.7,-65779.7,203.76,1.06
68146.2,-66196.2,200.17,1.62
68620,-66670,203.43,0.57
69081.5,-67131.5,205.42,0.89
69592,-67642,211.26,1.13
70052.2,-68102.2,215.55,1.78
70427.3,-68477.3,220.33,0.55
70928.9,-68978.9,225.17,1.38
71279.2,-69329.2,235.02,1.24
71693.6,-69743.6,237.56,0.75
72092.8,-70142.8,239.46,0.88
72490.1,-70540.1,232.79,0.94
72866,-70916,232.33,0.97
73219.3,-71269.3,230.89,2.09
73751,-71801,232.74,0.94
74221.5,-72271.5,231.33,0.70
74525.6,-72575.6,241.24,0.98
75067.9,-73117.9,243.27,1.62
75545.1,-73595.1,249.52,0.74
75850.6,-73900.6,249.94,0.63
76247.5,-74297.5,239.34,1.12
76696.7,-74746.7,238.01,1.98
77056.5,-75106.5,231.68,1.54
77615.9,-75665.9,224.92,1.30
78080.8,-76130.8,226.65,0.84
78507.9,-76557.9,224.14,0.65
78969.5,-77019.5,227.30,0.56
79410.4,-77460.4,229.26,1.34
79877.8,-77927.8,234.74,0.72
80330.4,-78380.4,230.60,0.62
80721.8,-78771.8,233.92,1.46
81206.9,-79256.9,230.33,0.80
81711.4,-79761.4,234.13,1.17
82068.8,-80118.8,238.89,0.94
82526.7,-80576.7,240.87,1.64
82988.3,-81038.3,246.32,0.70
83554.1,-81604.1,247.10,1.00
83940.9,-81990.9,250.79,0.80
84357.4,-82407.4,243.16,0.76
84936.8,-82986.8,238.42,1.10
85367.5,-83417.5,234.69,0.60
85890.7,-83940.7,228.76,1.57
86498.3,-84548.3,223.38,0.72
87027.6,-85077.6,221.06,2.32
87581.2,-85631.2,223.63,0.93
88136.2,-86186.2,217.80,1.57
88701.1,-86751.1,223.99,0.50
89244.7,-87294.7,227.38,1.10
89696.3,-87746.3,228.88,0.58
90317.3,-88367.3,229.74,1.29
90834,-88884,231.56,0.57
91445,-89495,231.12,0.57
91949.7,-89999.7,233.74,1.11
92667.8,-90717.8,232.46,2.22
93424.7,-91474.7,235.16,0.83
93823.2,-91873.2,238.21,0.77
94568.6,-92618.6,242.41,0.53
95234.1,-93284.1,242.91,1.07
95921.5,-93971.5,246.20,1.54
96474.9,-94524.9,245.76,0.60
97270.9,-95320.9,242.35,2.04
97927.5,-95977.5,239.86,0.45
98583.7,-96633.7,243.18,0.23
99361.4,-97411.4,242.99,1.01
100077,-98126.9,245.63,1.07
100543,-98593.2,247.87,1.10
101326,-99375.7,244.76,1.13
101972,-100022,240.07,0.94
102765,-100815,237.07,1.75
103309,-101359,240.68,0.94
104274,-102324,247.76,0.83
104331,-102381,238.88,1.55
104966,-103016,242.36,2.65
105507,-103557,248.78,9.96
105990,-104040,257.58,4.20
106256,-104306,241.40,2.65
106368,-104418,244.83,3.05
106975,-105025,240.34,2.65
108402,-106452,236.43,2.65
109129,-107179,244.44,1.58
109840,-107890,244.13,2.65
110555,-108605,246.69,2.65
111877,-109927,257.93,2.94
112636,-110686,256.79,2.65
112942,-110992,263.12,2.65
113119,-111169,264.75,3.64
113679,-111729,260.58,2.65
114250,-112300,267.90,2.65
114815,-112865,275.07,2.65
115447,-113497,276.96,1.63
115909,-113959,273.16,2.65
116476,-114526,273.63,2.65
117186,-115236,274.03,2.65
117619,-115669,274.98,4.03
118658,-116708,277.72,2.65
119243,-117293,267.74,2.65
119716,-117766,274.59,1.30
120144,-118194,268.73,2.65
120543,-118593,276.82,2.65
121426,-119476,279.48,2.26
121842,-119892,276.61,2.65
122100,-120150,278.25,3.40
122292,-120342,279.00,2.65
123014,-121064,279.16,2.65
123631,-121681,274.60,6.56
123959,-122009,275.87,2.65
124405,-122455,281.54,2.65
124817,-122867,275.52,2.65
125293,-123343,276.81,2.78
126014,-124064,275.15,2.65
126700,-124750,273.02,2.65
126962,-125012,274.93,2.65
127314,-125364,275.78,2.65
127504,-125554,276.88,3.83
128024,-126074,276.03,0.28
128173,-126223,280.72,2.65
128467,-126517,285.76,2.65
128878,-126928,271.08,2.65
129078,-127128,268.44,1.92
129656,-127706,260.61,3.45
130373,-128423,251.84,2.65
130818,-128868,250.84,2.65
131322,-129372,241.13,1.89
131976,-130026,232.28,2.65
132710,-130760,228.00,2.65
132932,-130982,224.63,2.65
133776,-131826,222.74,2.65
134522,-132572,212.43,2.65
136566,-134616,203.74,0.79
137763,-135813,199.18,2.65
138834,-136884,198.55,1.08
139950,-138000,192.75,0.19
142361,-140411,196.51,0.95
143651,-141701,194.59,2.65
144800,-142850,196.02,2.65
146108,-144158,193.59,0.64
148233,-146283,195.81,4.05
149466,-147516,201.78,2.65
150595,-148645,202.51,2.65
151445,-149495,202.35,1.86
153775,-151825,198.78,1.73
154889,-152939,196.30,2.65
156307,-154357,189.38,2.65
158666,-156716,189.00,3.00
159716,-157766,185.50,3.00
160155,-158205,187.50,3.00
163858,-161908,204.30,3.00
164335,-162385,196.50,3.00
166143,-164193,191.60,3.00
166784,-164834,190.10,3.00
167914,-165964,186.70,3.00
168746,-166796,183.80,3.00
169514,-167564,196.60,3.00
171939,-169989,197.80,3.00
174442,-172492,197.70,3.00
175833,-173883,196.00,3.00
176853,-174903,190.30,3.00
177534,-175584,189.40,3.00
177730,-175780,190.10,3.00
179873,-177923,207.70,3.00
181302,-179352,213.20,3.00
182196,-180246,217.70,3.00
183258,-181308,198.10,3.00
184371,-182421,199.70,3.00
186411,-184461,203.40,3.00
188437,-186487,210.70,3.00
189806,-187856,231.30,3.00
191254,-189304,231.40,3.00
191964,-190014,220.30,3.00
193074,-191124,218.00,3.00
195126,-193176,226.50,3.00
195800,-193850,220.00,3.00
197587,-195637,226.40,3.00
198327,-196377,241.20,3.00
198938,-196988,242.60,3.00
201752,-199802,250.90,3.00
202744,-200794,239.10,3.00
203842,-201892,247.60,3.00
205203,-203253,244.40,3.00
205576,-203626,231.90,3.00
205945,-203995,232.20,3.00
206360,-204410,228.60,3.00
206897,-204947,226.30,3.00
207240,-205290,229.40,3.00
207623,-205673,231.40,3.00
208109,-206159,238.10,3.00
208275,-206325,237.20,3.00
208822,-206872,230.00,3.00
209082,-207132,240.50,3.00
209445,-207495,242.20,3.00
209966,-208016,244.60,3.00
210175,-208225,243.90,3.00
210832,-208882,247.20,3.00
211058,-209108,252.00,3.00
211578,-209628,246.90,3.00
212079,-210129,239.50,3.00
212533,-210583,257.40,3.00
213330,-211380,243.40,3.00
214159,-212209,251.20,3.00
215081,-213131,241.40,3.00
215912,-213962,240.30,3.00
216306,-214356,242.60,3.00
216865,-214915,247.50,3.00
217416,-215466,251.70,3.00
217695,-215745,251.10,3.00
218201,-216251,245.30,3.00
219068,-217118,240.50,3.00
220936,-218986,214.10,3.00
221697,-219747,216.10,3.00
222540,-220590,207.10,3.00
223129,-221179,208.80,3.00
224272,-222322,205.60,3.00
226260,-224310,203.30,3.00
226850,-224900,215.70,3.00
227720,-225770,235.50,3.00
228439,-226489,234.50,3.00
228767,-226817,233.10,3.00
229572,-227622,224.50,3.00
231130,-229180,232.40,3.00
232192,-230242,233.90,3.00
232856,-230906,241.60,3.00
235991,-234041,245.20,3.00
236426,-234476,252.10,3.00
236851,-234901,241.40,3.00
237392,-235442,247.40,3.00
237906,-235956,243.10,3.00
238425,-236475,239.10,3.00
239008,-237058,245.60,3.00
239387,-237437,245.80,3.00
239739,-237789,247.40,3.00
240190,-238240,252.80,3.00
241333,-239383,259.70,3.00
241855,-239905,263.20,3.00
242685,-240735,279.00,3.00
243139,-241189,280.20,3.00
244122,-242172,263.70,3.00
244582,-242632,252.30,3.00
245057,-243107,249.90,3.00
245564,-243614,236.70,3.00
246189,-244239,230.40,3.00
246870,-244920,219.40,3.00
249100,-247150,214.70,3.00
251391,-249441,200.20,3.00
252132,-250182,213.90,3.00
252954,-251004,195.40,3.00
253757,-251807,196.70,3.00
254587,-252637,195.40,3.00
256299,-254349,199.00,3.00
257061,-255111,201.90,3.00
257908,-255958,204.00,3.00
259397,-257447,203.90,3.00
260894,-258944,209.60,3.00
261294,-259344,205.70,3.00
262055,-260105,208.90,3.00
262817,-260867,214.60,3.00
264584,-262634,228.10,3.00
266134,-264184,199.90,3.00
267007,-265057,211.70,3.00
268258,-266308,188.70,3.00
268996,-267046,187.20,3.00
269940,-267990,194.20,3.00
271036,-269086,198.80,3.00
272150,-270200,184.70,3.00
273166,-271216,190.40,3.00
274164,-272214,193.90,3.00
275155,-273205,194.10,3.00
276258,-274308,198.40,3.00
277443,-275493,193.20,3.00
278591,-276641,202.20,3.00
279619,-277669,204.50,3.00
280559,-278609,211.00,3.00
281401,-279451,215.30,3.00
282593,-280643,223.70,3.00
284435,-282485,231.30,3.00
285931,-283981,228.00,3.00
286610,-284660,226.40,3.00
287444,-285494,231.40,3.00
287820,-285870,230.40,3.00
288286,-286336,231.00,3.00
290184,-288234,234.90,3.00
290864,-288914,220.40,3.00
291563,-289613,217.10,3.00
292818,-290868,207.60,3.00
293651,-291701,206.00,3.00
294455,-292505,206.70,3.00
295364,-293414,212.70,3.00
296829,-294879,213.10,3.00
298705,-296755,217.10,3.00
299376,-297426,224.40,3.00
300116,-298166,231.00,3.00
301026,-299076,236.10,3.00
302084,-300134,239.00,3.00
303116,-301166,236.00,3.00
304101,-302151,240.20,3.00
305100,-303150,240.70,3.00
305778,-303828,250.20,3.00
306581,-304631,248.60,3.00
307463,-305513,244.80,3.00
308326,-306376,225.80,3.00
309424,-307474,227.80,3.00
310011,-308061,226.20,3.00
310776,-308826,233.20,3.00
311670,-309720,237.80,3.00
312593,-310643,239.00,3.00
313343,-311393,241.90,3.00
314052,-312102,251.60,3.00
314836,-312886,256.70,3.00
315658,-313708,257.10,3.00
316451,-314501,246.80,3.00
317150,-315200,272.60,3.00
317933,-315983,251.60,3.00
318853,-316903,245.20,3.00
319830,-317880,233.40,3.00
320916,-318966,255.80,3.00
321817,-319867,249.20,3.00
323383,-321433,257.20,3.00
324167,-322217,260.40,3.00
325007,-323057,260.30,3.00
325823,-323873,260.50,3.00
326591,-324641,266.20,3.00
327436,-325486,264.00,3.00
328087,-326137,266.10,3.00
328771,-326821,270.10,3.00
329414,-327464,271.90,3.00
330053,-328103,275.10,3.00
331294,-329344,265.00,3.00
332144,-330194,271.70,3.00
332799,-330849,272.60,3.00
333500,-331550,273.10,3.00
333998,-332048,282.40,3.00
334350,-332400,289.10,3.00
334544,-332594,288.40,3.00
335102,-333152,298.60,3.00
335708,-333758,278.10,3.00
336378,-334428,285.80,3.00
336868,-334918,278.60,3.00
337517,-335567,270.50,3.00
338214,-336264,255.70,3.00
338991,-337041,241.90,3.00
339984,-338034,239.60,3.00
340735,-338785,234.20,3.00
342792,-340842,250.10,3.00
343924,-341974,200.70,3.00
345001,-343051,205.20,3.00
346321,-344371,204.80,3.00
347545,-345595,211.90,3.00
349139,-347189,220.30,3.00
351676,-349726,221.10,3.00
353175,-351225,216.20,3.00
354413,-352463,209.40,3.00
355818,-353868,209.20,3.00
359010,-357060,193.00,3.00
360684,-358734,186.10,3.00
362568,-360618,185.80,3.00
365190,-363240,201.20,3.00
368066,-366116,206.30,3.00
371386,-369436,201.90,3.00
373458,-371508,199.90,3.00
375205,-373255,214.70,3.00
377035,-375085,224.60,3.00
378760,-376810,229.60,3.00
382931,-380981,227.00,3.00
384557,-382607,240.00,3.00
386284,-384334,239.10,3.00
387825,-385875,246.80,3.00
389410,-387460,245.80,3.00
392287,-390337,258.10,3.00
392977,-391027,259.50,3.00
394004,-392054,273.60,3.00
394906,-392956,260.70,3.00
398275,-396325,276.30,3.00
399926,-397976,277.10,3.00
400710,-398760,283.20,3.00
402141,-400191,283.10,3.00
402860,-400910,275.70,3.00
404313,-402363,276.50,3.00
405063,-403113,280.50,3.00
406543,-404593,279.60,3.00
407282,-405332,285.60,3.00
408819,-406869,284.50,3.00
409598,-407648,274.70,3.00
410454,-408504,282.60,3.00
411348,-409398,283.50,3.00
413259,-411309,274.90,3.00
414211,-412261,264.90,3.00
415180,-413230,271.60,3.00
415946,-413996,276.40,1.60
416425,-414475,271.70,1.20
417440,-415490,273.40,1.50
417957,-416007,271.80,1.70
418505,-416555,274.60,1.80
419576,-417626,273.70,0.80
420134,-418184,271.20,1.50
420702,-418752,273.80,1.60
421912,-419962,268.60,1.40
422533,-420583,266.40,1.80
423226,-421276,270.60,1.10
424508,-422558,267.70,2.90
425132,-423182,268.30,1.90
425741,-423791,270.80,1.10
426237,-424287,270.00,2.50
426622,-424672,265.40,2.00
427155,-425205,255.30,1.30
427941,-425991,252.10,0.70
428840,-426890,248.20,0.90
429178,-427228,242.50,1.50
431024,-429074,219.70,1.70
432179,-430229,227.20,2.20
433850,-431900,211.50,1.70
434379,-432429,207.60,1.30
435940,-433990,209.80,1.60
437485,-435535,207.50,1.30
439063,-437113,200.30,1.60
440660,-438710,201.70,1.60
442231,-440281,201.30,1.10
443845,-441895,202.00,1.50
445332,-443382,199.10,1.10
447219,-445269,201.10,0.90
448459,-446509,203.50,0.60
449571,-447621,208.10,1.80
450643,-448693,201.70,1.70
451747,-449797,201.20,2.10
452736,-450786,204.90,1.40
453776,-451826,201.90,1.80
454864,-452914,198.40,1.30
456002,-454052,193.30,1.60
457114,-455164,192.50,1.00
457745,-455795,199.10,0.60
458208,-456258,204.30,1.00
458794,-456844,203.30,1.00
459212,-457262,208.30,1.40
460252,-458302,202.40,1.30
461286,-459336,195.50,0.80
462414,-460464,190.70,1.90
463527,-461577,194.40,0.70
464599,-462649,199.90,2.60
465265,-463315,205.20,0.90
465602,-463652,210.00,0.70
466632,-464682,208.10,2.20
467707,-465757,204.40,1.90
468878,-466928,203.40,1.20
470040,-468090,205.50,0.90
470726,-468776,206.50,0.90
471201,-469251,215.50,2.30
471825,-469875,218.70,0.90
472263,-470313,229.20,1.40
472863,-470913,232.70,0.70
473218,-471268,243.70,1.80
473801,-471851,243.90,1.10
474092,-472142,245.60,0.90
474974,-473024,241.20,1.70
475925,-473975,233.10,0.60
476950,-475000,232.80,1.10
477941,-475991,236.60,1.00
478892,-476942,239.10,0.90
479403,-477453,236.50,1.20
479776,-477826,231.30,1.00
480328,-478378,220.80,0.70
480727,-478777,218.80,2.30
481663,-479713,223.80,1.40
482581,-480631,223.40,1.70
483395,-481445,227.30,1.30
484180,-482230,231.40,1.10
484936,-482986,231.40,1.30
485668,-483718,231.20,1.20
486399,-484449,233.00,1.40
487129,-485179,232.90,1.20
487848,-485898,231.30,1.20
488565,-486615,237.10,1.80
489302,-487352,242.00,0.20
489720,-487770,240.90,0.40
490026,-488076,252.80,2.50
490495,-488545,249.30,2.70
490734,-488784,242.60,0.60
491451,-489501,243.30,1.30
492155,-490205,246.70,1.60
492864,-490914,243.70,1.40
493593,-491643,239.70,1.90
494300,-492350,239.10,1.20
495024,-493074,238.30,2.00
495726,-493776,238.50,1.40
496444,-494494,237.60,1.60
497188,-495238,236.40,2.10
497966,-496016,236.50,1.70
498737,-496787,232.80,0.80
499527,-497577,230.60,0.50
500305,-498355,230.80,1.00
501084,-499134,228.20,1.70
501861,-499911,230.80,1.40
502638,-500688,231.20,0.80
503419,-501469,232.00,1.60
504177,-502227,232.20,1.40
504912,-502962,234.10,0.80
505684,-503734,233.90,1.10
506484,-504534,235.50,1.80
507312,-505362,236.00,2.10
508118,-506168,238.20,0.90
508941,-506991,237.00,0.80
509785,-507835,240.30,0.70
510652,-508702,233.40,1.00
511512,-509562,236.40,1.40
512364,-510414,235.20,0.50
513205,-511255,242.00,0.80
514033,-512083,238.20,1.00
514848,-512898,239.20,1.20
515651,-513701,241.50,1.30
516421,-514471,243.00,0.50
517155,-515205,247.20,2.20
517876,-515926,246.20,2.60
518600,-516650,245.50,1.10
519329,-517379,245.30,1.30
520073,-518123,247.70,1.40
520822,-518872,245.50,0.80
521574,-519624,243.50,0.70
523802,-521852,241.90,1.40
524571,-522621,236.80,0.80
525337,-523387,235.80,1.20
526107,-524157,233.70,0.70
526896,-524946,230.30,0.80
527699,-525749,227.80,0.60
528517,-526567,224.70,1.90
529403,-527453,222.70,1.00
530291,-528341,221.20,1.20
531201,-529251,220.30,0.50
532079,-530129,220.70,0.90
532593,-530643,214.50,0.50
532988,-531038,211.40,2.20
533554,-531604,204.40,0.60
533932,-531982,200.00,0.80
534668,-532718,195.10,0.70
535044,-533094,193.80,0.80
535695,-533745,190.50,1.70
536178,-534228,199.80,1.20
537334,-535384,199.40,0.80
538441,-536491,205.00,0.90
539514,-537564,206.40,0.70
540584,-538634,212.90,1.30
541654,-539704,211.20,0.70
542740,-540790,205.00,0.80
543845,-541895,203.60,1.20
544886,-542936,208.10,0.80
545865,-543915,210.30,1.60
546830,-544880,209.60,1.60
547807,-545857,209.70,0.80
548771,-546821,204.60,1.90
549720,-547770,202.50,1.60
550231,-548281,208.80,0.70
550583,-548633,213.60,0.90
551381,-549431,215.20,0.50
552111,-550161,219.90,0.50
552682,-550732,221.70,1.40
553021,-551071,222.30,0.90
553246,-551296,226.30,0.90
553619,-551669,222.10,1.10
553809,-551859,220.30,0.30
554480,-552530,223.60,1.10
555158,-553208,224.30,2.20
555842,-553892,226.70,1.20
556407,-554457,233.90,1.50
556923,-554973,241.00,1.40
557199,-555249,243.00,0.80
557385,-555435,249.10,2.10
557657,-555707,244.00,1.50
557838,-555888,250.50,0.80
558155,-556205,245.60,1.30
558306,-556356,240.40,0.90
558778,-556828,238.10,1.20
559316,-557366,234.50,1.00
559637,-557687,229.70,0.40
559873,-557923,230.20,0.70
560437,-558487,230.30,1.50
560966,-559016,228.30,0.90
561451,-559501,231.60,1.20
561888,-559938,231.90,1.20
562310,-560360,234.60,1.50
562656,-560706,234.10,0.90
563135,-561185,240.10,2.10
563536,-561586,242.30,0.50
563928,-561978,245.70,1.80
564311,-562361,245.80,0.50
564724,-562774,247.60,1.50
565134,-563184,251.40,1.70
565539,-563589,252.40,1.70
565896,-563946,252.60,1.00
566245,-564295,251.40,0.70
566589,-564639,253.70,0.80
566918,-564968,254.30,1.60
567239,-565289,253.90,0.70
567549,-565599,254.50,1.60
567885,-565935,253.20,0.90
568204,-566254,253.90,1.20
568534,-566584,252.80,1.10
568930,-566980,253.00,0.60
569315,-567365,250.20,0.40
569684,-567734,251.30,1.30
570067,-568117,250.00,1.30
570463,-568513,251.30,1.30
570862,-568912,251.80,1.20
571261,-569311,251.80,1.30
571633,-569683,249.60,0.50
571975,-570025,251.60,1.70
572316,-570366,250.30,1.04
572670,-570720,246.31,1.15
573054,-571104,247.66,0.68
573476,-571526,249.19,1.08
573913,-571963,248.72,0.39
574365,-572415,251.77,1.78
574806,-572856,251.86,0.70
575234,-573284,252.08,1.30
575655,-573705,248.86,0.98
576113,-574163,252.54,0.52
576599,-574649,252.90,1.06
577115,-575165,251.30,1.06
577654,-575704,251.34,1.13
578196,-576246,251.08,0.60
578742,-576792,249.06,0.48
579281,-577331,252.92,1.07
579833,-577883,251.47,1.80
580210,-578260,244.14,1.67
580402,-578452,243.81,0.87
580814,-578864,236.17,0.30
581119,-579169,230.26,0.57
581547,-579597,225.21,1.57
581928,-579978,219.41,0.81
582455,-580505,215.45,1.07
582836,-580886,209.88,1.18
583574,-581624,206.68,0.51
583959,-582009,210.64,0.64
586721,-584771,223.96,0.87
587172,-585222,225.99,1.45
587889,-585939,234.40,0.50
588279,-586329,238.78,0.98
588941,-586991,246.35,1.80
589425,-587475,250.20,0.40
590040,-588090,248.10,0.56
590489,-588539,243.56,0.76
591019,-589069,237.38,0.75
592383,-590433,225.68,1.13
592786,-590836,229.39,1.25
593561,-591611,233.16,0.28
594047,-592097,238.15,0.89
594864,-592914,237.98,1.05
595436,-593486,232.92,0.60
596222,-594272,221.22,1.77
596791,-594841,216.44,0.91
597804,-595854,216.27,1.48
598330,-596380,219.02,1.00
599218,-597268,225.97,1.14
599815,-597865,229.38,1.39
601255,-599305,232.45,1.30
602601,-600651,237.86,0.79
603949,-601999,239.14,1.09
605303,-603353,244.53,0.70
606626,-604676,248.48,1.68
607979,-606029,254.58,1.22
609247,-607297,259.22,1.82
610430,-608480,257.74,0.46
611551,-609601,257.82,2.11
611601,-609651,259.68,1.16
612762,-610812,258.14,1.41
613943,-611993,256.19,0.39
615141,-613191,252.75,1.06
616299,-614349,252.90,0.62
616357,-614407,252.73,0.94
617610,-615660,252.64,1.06
618954,-617004,248.29,1.00
620284,-618334,245.89,0.29
621651,-619701,243.53,0.81
622951,-621001,243.89,2.84
623055,-621105,239.19,0.83
624497,-622547,237.93,1.02
625398,-623448,235.02,0.35
626048,-624098,228.51,0.88
626969,-625019,215.71,0.48
627830,-625880,205.76,0.94
629140,-627190,199.52,0.77
629770,-627820,205.27,0.87
629866,-627916,200.78,0.50
631526,-629576,200.46,1.81
632357,-630407,196.50,1.51
634078,-632128,193.10,1.55
634881,-632931,195.95,1.53
635009,-633059,194.86,1.76
636522,-634572,194.00,0.66
637714,-635764,195.33,1.85
639418,-637468,188.85,0.96
640372,-638422,190.18,0.50
642075,-640125,191.38,1.05
642857,-640907,191.56,1.13
644301,-642351,195.31,1.25
645151,-643201,195.82,0.95
646377,-644427,189.89,2.02
647255,-645305,191.85,1.00
648612,-646662,193.48,0.74
649191,-647241,196.17,0.44
650348,-648398,189.25,1.22
650947,-648997,193.44,0.71
652104,-650154,187.27,0.54
652709,-650759,186.79,0.97
653730,-651780,192.87,1.85
654439,-652489,194.82,0.98
655524,-653574,200.00,0.53
656133,-654183,200.35,0.75
657181,-655231,192.93,0.65
657654,-655704,189.23,1.78
657722,-655772,190.88,0.87
658764,-656814,184.10,0.29
659294,-657344,187.38,1.06
659412,-657462,185.68,0.41
660464,-658514,188.43,0.95
661118,-659168,193.97,0.99
661216,-659266,191.59,0.77
662282,-660332,189.69,1.52
662797,-660847,193.91,2.12
662878,-660928,190.86,1.02
663938,-661988,191.02,1.20
664320,-662370,192.55,1.30
664408,-662458,187.77,0.83
665322,-663372,180.17,1.12
665837,-663887,180.54,1.12
666753,-664803,174.77,1.04
667410,-665460,173.71,1.38
668415,-666465,177.71,0.68
668916,-666966,180.67,0.71
669819,-667869,187.66,0.18
670296,-668346,191.51,0.92
671071,-669121,194.88,0.97
671458,-669508,196.83,0.69
672151,-670201,194.79,0.58
672761,-670811,197.13,0.99
673696,-671746,201.12,1.00
674229,-672279,204.67,0.73
675028,-673078,211.69,0.58
675407,-673457,216.12,0.81
676531,-674581,222.57,0.76
677152,-675202,219.96,0.61
677601,-675651,216.59,0.93
678328,-676378,218.21,1.38
678742,-676792,220.09,1.52
679455,-677505,229.16,0.81
679735,-677785,232.70,0.90
680313,-678363,233.61,0.55
680628,-678678,233.11,1.16
681226,-679276,225.81,1.21
681670,-679720,227.90,1.32
682344,-680394,221.31,0.89
682740,-680790,219.14,0.95
683458,-681508,220.24,1.68
683829,-681879,222.70,0.60
684424,-682474,225.64,1.65
684758,-682808,224.36,1.29
685295,-683345,221.82,0.77
685680,-683730,220.62,0.70
686269,-684319,220.63,1.39
686582,-684632,222.62,1.05
687154,-685204,222.70,1.05
687446,-685496,222.97,1.24
688000,-686050,226.73,1.00
688300,-686350,227.65,1.34
688810,-686860,227.64,1.14
689158,-687208,230.67,1.66
689693,-687743,232.07,1.29
689951,-688001,232.27,1.49
690475,-688525,235.80,0.99
690736,-688786,236.45,0.53
691222,-689272,239.29,1.05
691468,-689518,238.42,1.24
691968,-690018,239.38,1.95
692318,-690368,243.56,0.56
692832,-690882,239.30,1.27
693077,-691127,238.47,2.15
693574,-691624,243.70,2.10
693821,-691871,237.76,0.84
694280,-692330,239.34,0.99
694537,-692587,240.46,0.71
694949,-692999,239.31,0.91
695259,-693309,239.80,1.42
695732,-693782,236.80,0.57
695982,-694032,238.74,1.46
696435,-694485,238.05,1.52
696645,-694695,238.13,1.28
697090,-695140,239.44,0.96
697342,-695392,238.42,1.11
697747,-695797,239.88,1.27
698039,-696089,241.03,0.79
698506,-696556,240.90,1.92
698753,-696803,241.83,0.73
699216,-697266,238.86,1.02
699439,-697489,239.01,0.65
699865,-697915,239.73,0.80
700104,-698154,237.21,0.55
700485,-698535,236.72,0.65
700815,-698865,236.61,0.48
701269,-699319,235.42,0.97
701525,-699575,232.46,0.54
701993,-700043,230.88,1.02
702201,-700251,232.16,0.75
702734,-700784,232.18,1.62
703010,-701060,230.59,0.26
703469,-701519,233.35,1.26
703796,-701846,232.28,1.12
704251,-702301,232.83,0.52
704582,-702632,233.54,1.36
705053,-703103,234.04,0.46
705244,-703294,235.09,1.68
705727,-703777,237.18,1.33
706053,-704103,237.66,1.57
706493,-704543,236.05,1.75
706711,-704761,236.05,0.93
707311,-705361,238.85,0.80
707644,-705694,233.51,1.46
708200,-706250,233.58,1.00
708413,-706463,233.11,1.01
708959,-707009,234.84,1.15
709454,-707504,231.43,0.86
709910,-707960,230.51,0.99
710456,-708506,227.03,0.73
710983,-709033,224.90,0.62
711399,-709449,225.39,0.29
712021,-710071,224.12,1.49
712244,-710294,224.00,1.45
713312,-711362,223.89,0.47
714066,-712116,227.64,1.61
714404,-712454,227.08,2.01
715116,-713166,223.14,0.59
715565,-713615,227.58,0.55
716310,-714360,213.60,0.66
716586,-714636,210.51,1.65
717348,-715398,198.43,1.17
717955,-716005,189.88,1.13
718778,-716828,193.46,1.64
719287,-717337,200.82,0.75
720087,-718137,212.03,0.84
720591,-718641,217.04,0.90
721408,-719458,219.20,1.18
721690,-719740,218.96,1.27
722506,-720556,216.10,2.02
722995,-721045,212.11,0.69
723780,-721830,212.55,1.77
724142,-722192,214.01,1.19
724975,-723025,210.48,0.37
725474,-723524,211.49,1.28
726250,-724300,211.08,1.07
726577,-724627,211.43,0.77
727898,-725948,210.07,1.62
728594,-726644,210.24,0.83
728988,-727038,211.08,0.78
729837,-727887,210.01,1.01
730260,-728310,212.17,1.72
730908,-728958,210.16,0.69
731184,-729234,210.70,0.34
731861,-729911,211.62,0.36
732322,-730372,213.73,1.89
732994,-731044,208.11,1.24
733329,-731379,207.72,0.81
734022,-732072,210.60,1.03
734463,-732513,216.15,1.81
735135,-733185,214.66,0.71
735410,-733460,217.88,0.83
736107,-734157,217.19,1.38
736522,-734572,213.14,1.66
737270,-735320,206.92,1.56
737660,-735710,204.52,1.49
738581,-736631,191.74,0.93
739175,-737225,185.61,0.33
740106,-738156,185.40,2.38
740461,-738511,183.39,2.40
741330,-739380,184.77,2.07
741874,-739924,189.14,1.31
742645,-740695,188.65,2.71
743062,-741112,187.33,0.72
743959,-742009,188.18,0.91
744523,-742573,188.97,0.90
745671,-743721,187.29,1.24
746620,-744670,190.24,0.42
747177,-745227,187.92,0.32
747940,-745990,187.95,1.27
748337,-746387,187.54,0.84
749263,-747313,188.68,1.26
749814,-747864,190.17,1.76
750706,-748756,192.08,1.57
751036,-749086,191.30,1.38
751974,-750024,193.55,1.88
752566,-750616,197.50,1.30
753489,-751539,195.43,0.34
753935,-751985,203.90,1.84
755115,-753165,199.05,1.70
755587,-753637,203.30,1.53
756566,-754616,208.10,1.96
756851,-754901,209.45,1.36
757785,-755835,213.61,2.15
758362,-756412,218.35,2.34
759136,-757186,222.72,1.50
759562,-757612,226.94,1.42
759878,-757928,223.02,0.68
760108,-758158,225.37,1.75
760516,-758566,225.62,2.33
760940,-758990,222.71,1.23
761864,-759914,216.64,0.75
762166,-760216,214.69,1.12
763102,-761152,214.00,1.86
763771,-761821,219.95,0.23
764677,-762727,223.89,2.06
765182,-763232,222.93,0.92
765587,-763637,233.66,3.05
765851,-763901,229.41,2.67
766188,-764238,232.12,1.38
766809,-764859,230.62,0.89
767747,-765797,224.86,1.56
768117,-766167,223.82,0.51
769061,-767111,221.64,0.41
769651,-767701,225.87,0.95
770599,-768649,230.63,2.11
771021,-769071,229.56,1.80
771519,-769569,236.32,1.64
771813,-769863,234.24,1.61
772175,-770225,239.71,1.87
772475,-770525,243.89,1.10
772738,-770788,246.49,2.17
772996,-771046,243.85,2.09
773250,-771300,246.03,2.45
773684,-771734,237.78,1.51
774044,-772094,239.23,1.00
774959,-773009,238.39,2.26
775538,-773588,241.74,0.87
776332,-774382,245.32,0.36
776783,-774833,248.92,0.63
777682,-775732,247.30,2.01
778233,-776283,252.46,0.67
779058,-777108,254.93,0.48
779368,-777418,254.69,1.13
780189,-778239,254.43,2.36
780719,-778769,252.52,0.93
781563,-779613,257.21,0.60
781887,-779937,251.51,0.70
782728,-780778,257.44,0.65
783199,-781249,255.02,1.06
784262,-782312,260.92,2.51
785034,-783084,255.85,0.66
785519,-783569,259.66,0.24
786190,-784240,262.23,2.57
786563,-784613,264.35,1.38
787356,-785406,269.36,1.26
787804,-785854,266.00,0.73
788479,-786529,257.20,1.52
788692,-786742,257.02,2.69
789494,-787544,238.64,0.78
789953,-788003,235.49,2.99
790639,-788689,227.38,0.84
791057,-789107,230.55,1.77
792031,-790081,224.69,3.67
792617,-790667,214.45,2.53
793519,-791569,213.36,1.60
793853,-791903,218.39,1.93
795122,-793172,208.79,1.67
795687,-793737,204.62,1.99
796853,-794903,198.79,2.10
797379,-795429,197.91,1.42
798681,-796731,200.49,2.19
801236,-799286,198.68,1.74
802872,-800922,198.66,0.98
803709,-801759,202.65,1.04
803925,-801975,202.92,2.06
804010,-802060,207.50,0.92
804523,-802573,204.86,1.64
805132,-803182,202.23,0.69
805669,-803719,207.29,2.20
