month,nh,sh,arctic,antarctic,tropics,world
1940-01,7.4316,15.6223,-24.1321,-13.9169,24.3198,11.4967
1940-02,8.2676,15.5369,-24.8038,-19.3575,24.7297,11.8722
1940-03,10.2315,14.8752,-23.4874,-24.9504,25.0661,12.5240
1940-04,13.7582,13.8081,-13.7317,-29.5292,25.4238,13.7569
1940-05,16.8187,12.7215,-5.1740,-29.6953,25.4903,14.7456
1940-06,19.4960,11.1783,1.8668,-34.6672,25.0717,15.3148
1940-07,20.9109,10.6900,3.4939,-33.6531,24.7993,15.7794
1940-08,20.7574,10.5100,2.2560,-34.3745,24.7899,15.6127
1940-09,18.8850,10.7837,-2.5603,-33.6476,24.8048,14.8116
1940-10,15.5146,11.8019,-11.2826,-29.8398,24.7860,13.6332
1940-11,11.7939,13.4831,-19.3344,-21.3944,24.6338,12.6111
1940-12,9.0906,15.0982,-23.5254,-14.7313,24.5545,12.0657
1941-01,7.7374,15.8448,-26.8094,-14.6630,24.6581,11.7609
1941-02,8.7120,15.7210,-25.1500,-19.3967,25.0594,12.1864
1941-03,10.4289,15.0216,-24.4127,-23.9925,25.4879,12.6954
1941-04,13.5628,13.6031,-16.6091,-30.7618,25.7137,13.5549
1941-05,16.8122,12.5459,-5.9993,-29.8564,25.5133,14.6544
1941-06,19.5666,11.4583,1.6235,-31.2688,25.1276,15.4902
1941-07,20.8728,10.5405,3.8276,-32.5914,24.6595,15.6862
1941-08,20.7264,10.5892,1.9617,-33.3333,24.7439,15.6370
1941-09,18.5682,10.6614,-3.4151,-34.1522,24.6962,14.5922
1941-10,15.6396,12.2869,-10.8348,-26.1752,25.0829,13.9382
1941-11,11.5981,13.6293,-20.3319,-20.3137,24.8079,12.5858
1941-12,8.8556,15.1517,-24.1152,-14.0166,24.6296,11.9743
1942-01,8.0109,15.8086,-21.7384,-14.1290,24.4765,11.8804
1942-02,8.3937,15.5309,-24.7295,-18.8202,24.7545,11.9328
1942-03,10.5071,14.9506,-24.5928,-24.4506,25.1843,12.7005
1942-04,13.5987,13.5705,-16.0968,-29.6634,25.3470,13.5583
1942-05,16.9393,12.4150,-5.1269,-31.1916,25.3316,14.6531
1942-06,19.4654,11.1839,1.7843,-33.0015,24.8703,15.3033
1942-07,20.6829,10.3653,3.3895,-33.7051,24.2427,15.5045
1942-08,20.5550,10.2104,1.9226,-34.9884,24.2969,15.3634
1942-09,18.7689,10.6837,-2.5305,-34.0368,24.4781,14.7051
1942-10,15.6758,11.8213,-10.5745,-28.3397,24.5526,13.7249
1942-11,11.7297,13.3143,-20.2823,-20.7223,24.3679,12.4959
1942-12,9.0033,14.7439,-22.9885,-15.3675,24.0756,11.8459
1943-01,7.6048,15.7012,-25.9015,-13.2087,24.1974,11.6244
1943-02,8.6192,15.5290,-25.4249,-17.2643,24.4122,12.0455
1943-03,10.5131,14.5889,-21.7818,-23.5661,24.6234,12.5236
1943-04,13.7955,13.4344,-13.1130,-28.4553,24.8952,13.5895
1943-05,16.9448,12.3667,-4.6385,-30.9311,24.9729,14.6321
1943-06,19.2386,11.2464,1.7992,-32.5083,24.5846,15.2204
1943-07,20.6977,10.3177,3.2793,-35.4349,24.2831,15.4872
1943-08,20.6912,10.0200,2.0274,-35.3631,24.2651,15.3353
1943-09,18.7395,10.7770,-3.1154,-32.0864,24.3799,14.7366
1943-10,15.7955,11.8457,-9.9230,-28.5947,24.6035,13.7967
1943-11,11.9639,13.4768,-18.4963,-20.7702,24.4763,12.6941
1943-12,9.2597,14.9062,-23.7887,-15.2421,24.2554,12.0554
1944-01,8.4411,15.7194,-23.5587,-14.3947,24.2989,12.0522
1944-02,8.9274,15.5909,-23.8021,-18.1630,24.6234,12.2303
1944-03,11.0113,14.9452,-21.3940,-23.3676,25.1327,12.9506
1944-04,13.8269,13.6885,-15.0661,-28.9443,25.4500,13.7312
1944-05,16.8390,12.5364,-6.0287,-30.1481,25.2611,14.6636
1944-06,19.5104,11.4653,1.5204,-31.1030,25.0545,15.4662
1944-07,20.8186,10.6158,3.1760,-34.6595,24.6330,15.6970
1944-08,20.7756,10.5515,1.8766,-34.4119,24.7177,15.6433
1944-09,19.0600,11.0507,-2.5392,-31.7252,24.8060,15.0340
1944-10,15.9653,12.0573,-10.0095,-28.8142,24.9166,13.9870
1944-11,11.9542,13.4564,-18.1307,-21.2981,24.5146,12.6785
1944-12,8.9688,14.8956,-20.6152,-14.3567,24.2415,11.9037
1945-01,7.7430,15.7104,-23.9463,-12.9798,24.2831,11.6976
1945-02,8.0932,15.5845,-24.8164,-17.7956,24.4952,11.8094
1945-03,10.4143,14.8413,-23.5938,-24.0046,24.9478,12.5996
1945-04,13.7407,13.7065,-14.7373,-29.3230,25.2940,13.6973
1945-05,16.6397,12.4646,-6.0429,-30.8531,25.1071,14.5283
1945-06,19.4305,11.5132,1.7130,-30.0289,24.9721,15.4500
1945-07,20.7064,10.4966,3.5343,-34.2230,24.5006,15.5813
1945-08,20.8238,10.7681,2.2982,-31.7837,24.6132,15.7765
1945-09,18.9573,10.9277,-3.0858,-32.8444,24.8186,14.9206
1945-10,15.7860,12.0399,-10.1304,-26.6789,24.8129,13.8885
1945-11,11.8029,13.4787,-20.8279,-20.4202,24.6550,12.6137
1945-12,8.7496,14.9042,-23.9056,-14.7342,24.3505,11.7981
1946-01,7.9164,15.7845,-25.5228,-13.5587,24.3294,11.8215
1946-02,8.3900,15.6758,-27.7861,-18.0521,24.8189,12.0032
1946-03,10.6710,14.8988,-22.2991,-23.8342,25.2378,12.7570
1946-04,13.9227,13.6054,-16.0661,-29.3051,25.3985,13.7380
1946-05,16.8863,12.5766,-5.2214,-29.9313,25.2926,14.7078
1946-06,19.4387,11.2943,1.4704,-31.3919,24.8173,15.3448
1946-07,20.8026,10.5410,3.4359,-33.3974,24.4650,15.6515
1946-08,20.5951,10.3293,1.7907,-34.4923,24.4047,15.4420
1946-09,18.7905,10.8377,-3.7703,-32.3098,24.6755,14.7925
1946-10,15.4826,11.9038,-11.7925,-29.3575,24.7588,13.6686
1946-11,11.8517,13.4944,-19.7076,-20.2356,24.6306,12.6458
1946-12,8.7091,14.9993,-23.6733,-14.2989,24.4396,11.8252
1947-01,7.7680,15.9083,-22.9963,-13.6298,24.5563,11.8086
1947-02,8.4645,15.6016,-24.1636,-19.1722,24.8080,12.0035
1947-03,10.8374,14.8796,-21.6745,-24.0171,25.1274,12.8302
1947-04,13.9501,13.7980,-14.6870,-28.5828,25.4556,13.8477
1947-05,16.9288,12.5035,-5.3416,-31.6528,25.2756,14.6924
1947-06,19.3853,11.5854,1.7706,-30.7016,24.9693,15.4639
1947-07,20.7842,10.6303,3.4594,-34.0639,24.5576,15.6871
1947-08,20.6213,10.3153,2.1376,-33.8106,24.4550,15.4479
1947-09,18.8111,10.7421,-2.9724,-31.7540,24.5311,14.7546
1947-10,15.9527,11.8294,-8.8032,-28.4663,24.6720,13.8667
1947-11,11.8989,13.5135,-18.5921,-19.8610,24.5303,12.6793
1947-12,8.8520,14.9046,-23.0341,-13.7081,24.2322,11.8499
1948-01,7.9073,15.7336,-27.0283,-13.4732,24.2806,11.7916
1948-02,8.2226,15.6160,-25.9430,-18.4682,24.6786,11.8897
1948-03,10.2210,14.8702,-23.0049,-23.2382,24.9619,12.5169
1948-04,13.6228,13.6700,-16.5851,-27.7210,25.3548,13.6196
1948-05,16.9533,12.5275,-6.1810,-31.1832,25.4414,14.7162
1948-06,19.6475,11.1577,1.3519,-34.8305,25.0332,15.3808
1948-07,20.8514,10.4574,3.6714,-35.4448,24.5977,15.6344
1948-08,20.7506,10.3721,2.0300,-35.2626,24.6069,15.5414
1948-09,18.7907,10.7137,-3.1555,-34.3508,24.5929,14.7305
1948-10,15.6936,12.0794,-10.4512,-27.0245,24.6957,13.8626
1948-11,11.9343,13.6189,-19.2764,-19.4293,24.5535,12.7500
1948-12,8.6058,14.9897,-27.3242,-14.1705,24.3761,11.7687
1949-01,7.9455,15.9121,-26.8886,-13.5826,24.4265,11.8996
1949-02,8.2827,15.7387,-25.7496,-17.7967,24.6823,11.9807
1949-03,10.5807,14.8963,-20.2038,-24.0853,25.1186,12.7099
1949-04,13.6423,13.6685,-16.4873,-30.2005,25.3574,13.6286
1949-05,16.8487,12.5061,-7.0270,-30.4727,25.3023,14.6531
1949-06,19.3332,11.3089,0.7832,-32.3383,24.8615,15.2993
1949-07,20.6855,10.6979,3.1732,-32.0281,24.5728,15.6717
1949-08,20.6643,10.2678,2.1284,-36.1152,24.4936,15.4457
1949-09,18.7325,10.9363,-2.5089,-30.8920,24.6075,14.8130
1949-10,15.7199,11.8859,-10.5602,-27.2265,24.7151,13.7787
1949-11,11.9194,13.5666,-19.3906,-19.0623,24.4904,12.7164
1949-12,8.9409,15.1053,-21.8743,-12.7027,24.2756,11.9949
1950-01,7.4350,15.6870,-25.1567,-13.5512,24.2407,11.5314
1950-02,8.0630,15.5820,-27.0725,-18.9233,24.5274,11.7929
1950-03,10.5301,14.7968,-22.1007,-24.6521,24.8848,12.6352
1950-04,13.4753,13.6277,-16.6366,-29.6589,25.2256,13.5250
1950-05,16.7701,12.3980,-6.2456,-31.5887,25.0393,14.5601
1950-06,19.3567,11.3720,1.4172,-30.7348,24.7378,15.3428
1950-07,20.5729,10.5002,3.3955,-34.8661,24.2511,15.5166
1950-08,20.4390,10.1920,2.2024,-35.8640,24.2975,15.2952
1950-09,18.7149,10.8910,-2.9804,-32.5547,24.5699,14.7815
1950-10,15.5844,12.0630,-10.6975,-27.2313,24.5988,13.7998
1950-11,11.5584,13.4339,-18.9828,-20.4009,24.3943,12.4694
1950-12,8.9655,15.0978,-24.0831,-13.5268,24.2083,12.0033
1951-01,7.3580,15.7486,-28.2905,-13.3925,24.1563,11.5238
1951-02,7.8643,15.5623,-27.4337,-18.6428,24.4724,11.6836
1951-03,10.3114,14.8737,-23.1984,-24.8885,25.0039,12.5638
1951-04,13.7420,13.5963,-15.9437,-30.6243,25.2818,13.6428
1951-05,17.0304,12.7174,-5.5041,-29.9509,25.3531,14.8499
1951-06,19.4482,11.5613,1.3574,-31.8906,24.9354,15.4829
1951-07,20.8822,10.2836,3.4183,-38.1261,24.6064,15.5619
1951-08,20.9495,10.3398,2.4487,-36.0946,24.7212,15.6236
1951-09,19.1678,10.7840,-1.9027,-34.0483,24.8889,14.9535
1951-10,15.8517,12.1277,-10.0560,-26.5002,25.0312,13.9645
1951-11,11.8857,13.7509,-20.2126,-19.4736,24.8874,12.7905
1951-12,9.3397,15.1209,-24.6971,-13.6616,24.5321,12.2012
1952-01,7.9314,15.9929,-26.4907,-13.4116,24.6888,11.9322
1952-02,8.4945,15.8417,-25.3747,-18.7089,24.9462,12.1383
1952-03,10.3719,15.0187,-23.8030,-24.3773,25.3233,12.6662
1952-04,13.7269,13.6382,-16.0710,-30.4672,25.4783,13.6557
1952-05,17.0623,12.3810,-5.3554,-33.3570,25.4299,14.6975
1952-06,19.6112,11.3099,1.5044,-33.7219,24.9628,15.4390
1952-07,20.9281,10.4882,3.7968,-35.1184,24.5975,15.6882
1952-08,20.7194,10.1708,2.0214,-36.9927,24.5039,15.4249
1952-09,18.9515,10.7592,-2.5244,-33.3040,24.7062,14.8337
1952-10,15.5891,11.9687,-11.0139,-28.1508,24.8643,13.7544
1952-11,11.5778,13.3947,-19.1313,-21.5614,24.5915,12.4590
1952-12,8.9422,15.0426,-23.8312,-13.9867,24.4449,11.9635
1953-01,7.8282,15.8106,-25.9498,-14.0570,24.4780,11.7898
1953-02,8.6148,15.6877,-25.5526,-18.4237,24.8034,12.1219
1953-03,10.5949,14.9758,-24.5884,-24.7899,25.2433,12.7567
1953-04,14.0230,13.7490,-14.0240,-30.9389,25.4828,13.8595
1953-05,17.0515,12.7402,-5.0587,-29.5948,25.3789,14.8720
1953-06,19.6852,11.2755,2.0910,-34.0904,25.0257,15.4586
1953-07,20.9655,10.5305,4.0664,-33.6848,24.5686,15.7278
1953-08,20.8253,10.3798,2.5238,-34.4091,24.6385,15.5821
1953-09,18.9427,10.7313,-2.6400,-33.0158,24.8026,14.8143
1953-10,15.7638,11.9831,-11.2311,-28.2139,24.9695,13.8485
1953-11,11.8851,13.5231,-17.8040,-20.5140,24.7347,12.6767
1953-12,9.2171,14.9809,-23.4013,-14.4902,24.3947,12.0702
1954-01,7.4347,15.7587,-25.7305,-13.5597,24.5023,11.5667
1954-02,8.3281,15.5994,-25.7933,-19.2192,24.8041,11.9341
1954-03,10.3557,15.0242,-23.5169,-23.6977,25.2266,12.6614
1954-04,13.6731,13.5576,-14.2075,-30.7112,25.4267,13.5888
1954-05,16.8150,12.4672,-5.4199,-31.5348,25.3016,14.6176
1954-06,19.4705,11.0785,1.6155,-33.3560,24.7504,15.2534
1954-07,20.7380,10.2962,4.0041,-34.1160,24.3101,15.4978
1954-08,20.6539,10.0050,3.1789,-36.9603,24.3214,15.3096
1954-09,18.8536,10.3319,-2.6291,-35.7796,24.5427,14.5712
1954-10,15.6596,11.7372,-9.6068,-28.3282,24.5152,13.6748
1954-11,12.0633,13.3633,-18.1928,-20.6192,24.3851,12.6872
1954-12,8.8716,14.8904,-22.5422,-13.8198,24.0825,11.8529
1955-01,8.1272,15.6520,-24.5546,-13.7623,24.1846,11.8612
1955-02,8.1637,15.5216,-28.4053,-18.8424,24.5220,11.8131
1955-03,10.0969,14.7289,-24.3759,-24.7472,24.9675,12.3843
1955-04,13.4882,13.5985,-16.0362,-28.4892,25.1310,13.5171
1955-05,16.7915,12.3405,-7.3085,-30.4537,25.0751,14.5422
1955-06,19.4528,11.1159,1.5984,-32.2882,24.5915,15.2633
1955-07,20.7858,10.1871,3.6937,-35.8074,24.3034,15.4665
1955-08,20.6724,10.3904,2.3611,-32.3677,24.3168,15.5120
1955-09,18.8211,10.7471,-2.5799,-32.7303,24.5977,14.7629
1955-10,15.7052,11.7591,-10.1751,-28.3874,24.5491,13.7086
1955-11,11.6075,13.3459,-21.7031,-20.0917,24.3538,12.4502
1955-12,8.6773,14.8170,-25.6286,-13.6827,23.9855,11.7194
1956-01,7.6193,15.8088,-25.3265,-11.5168,24.0352,11.6856
1956-02,8.1476,15.6064,-23.9124,-17.7866,24.5298,11.8479
1956-03,10.3384,14.8502,-22.3629,-23.5632,24.9835,12.5661
1956-04,13.4463,13.5709,-16.8452,-29.1317,25.2039,13.4820
1956-05,16.5994,12.2987,-7.1272,-30.7868,24.9528,14.4251
1956-06,19.2993,11.1102,1.3752,-32.4744,24.5049,15.1834
1956-07,20.6025,10.3353,4.0275,-34.0439,24.1445,15.4492
1956-08,20.4138,10.0831,1.8990,-35.7047,24.2357,15.2281
1956-09,18.4720,10.6205,-3.2000,-32.8197,24.3752,14.5247
1956-10,15.1821,11.7867,-12.9764,-28.7127,24.4964,13.4600
1956-11,11.5940,13.4923,-18.4196,-19.4918,24.3699,12.5167
1956-12,8.8405,15.0520,-21.2529,-12.7048,24.1606,11.9185
1957-01,7.5741,15.7926,-24.5915,-13.8468,24.1808,11.6545
1957-02,8.2648,15.6610,-25.5579,-18.7508,24.5528,11.9331
1957-03,10.3742,14.8935,-23.3102,-24.6114,25.0368,12.6051
1957-04,13.6761,13.7803,-15.1215,-29.3247,25.4243,13.7016
1957-05,16.7907,12.6970,-6.0921,-30.8637,25.4556,14.7193
1957-06,19.5466,11.5206,1.7783,-31.1633,25.0721,15.5115
1957-07,20.9161,10.4307,3.8962,-35.3030,24.7367,15.6526
1957-08,20.8225,10.3874,2.7647,-33.9639,24.7335,15.5843
1957-09,18.9477,10.9224,-3.1879,-33.0127,24.9636,14.9125
1957-10,15.6450,12.2549,-10.9157,-26.5983,25.0443,13.9250
1957-11,11.9732,13.8023,-21.2286,-19.4794,25.0675,12.8601
1957-12,9.2732,15.1975,-26.5873,-13.0245,24.7406,12.2063
1958-01,8.3983,15.9548,-24.4763,-12.8956,24.8003,12.1465
1958-02,8.6681,15.9136,-26.3881,-17.4865,25.0752,12.2606
1958-03,10.7533,15.0538,-23.4934,-24.1009,25.5567,12.8746
1958-04,13.7636,13.9356,-18.0036,-28.8806,25.8772,13.8225
1958-05,16.9841,12.7348,-6.9562,-30.8307,25.7123,14.8351
1958-06,19.5401,11.3886,1.0657,-33.7688,25.2190,15.4425
1958-07,20.9384,10.5901,3.9417,-34.4671,24.7692,15.7439
1958-08,20.7801,10.3287,2.4130,-36.4230,24.6925,15.5343
1958-09,18.8391,10.7861,-2.8231,-34.1508,24.8718,14.7906
1958-10,15.6451,12.0501,-11.1788,-28.2724,24.9481,13.8229
1958-11,11.8221,13.7080,-21.6421,-19.9729,24.7931,12.7380
1958-12,9.2127,14.9582,-24.4457,-15.1367,24.5804,12.0570
1959-01,8.0664,15.8596,-25.1540,-13.9913,24.5699,11.9331
1959-02,8.5286,15.8643,-24.7580,-17.6733,24.8973,12.1666
1959-03,10.9097,15.1003,-22.1177,-23.1659,25.3541,12.9764
1959-04,13.9282,13.9133,-15.8931,-27.3357,25.6801,13.8941
1959-05,16.9132,12.5989,-6.0294,-30.4436,25.4944,14.7315
1959-06,19.5926,11.3838,1.6206,-32.1317,25.0621,15.4666
1959-07,20.8662,10.5743,3.8170,-34.0960,24.6637,15.7003
1959-08,20.7017,10.3746,2.4693,-35.2208,24.5235,15.5181
1959-09,18.9127,10.6150,-2.4422,-35.3362,24.7748,14.7419
1959-10,15.6057,12.0605,-10.5049,-28.1045,24.9249,13.8084
1959-11,11.7742,13.5496,-17.2954,-20.8499,24.7053,12.6349
1959-12,9.0776,15.1292,-23.5808,-13.4619,24.4948,12.0748
1960-01,7.9307,15.8737,-25.0968,-13.8065,24.4521,11.8729
1960-02,8.8789,15.6673,-26.3876,-18.0095,24.7807,12.2442
1960-03,10.2240,14.8295,-22.9625,-25.2926,25.1720,12.4977
1960-04,13.5996,13.6879,-16.3760,-29.5480,25.4882,13.6172
1960-05,16.8781,12.4565,-5.1765,-31.0807,25.3169,14.6432
1960-06,19.6503,11.2218,2.0441,-34.1310,25.0344,15.4144
1960-07,20.8893,10.4548,4.1693,-34.7246,24.5841,15.6521
1960-08,20.8020,10.3981,2.5098,-35.4562,24.6790,15.5799
1960-09,18.8885,10.8003,-2.4337,-33.9632,24.8038,14.8226
1960-10,15.6127,12.1907,-11.3794,-27.4360,24.9458,13.8773
1960-11,11.7648,13.5948,-19.9772,-20.7507,24.7228,12.6528
1960-12,9.4403,15.0785,-21.8421,-14.3838,24.5882,12.2312
1961-01,7.9541,15.9515,-25.7998,-13.5296,24.6008,11.9235
1961-02,8.6623,15.8832,-26.5484,-17.1910,24.7589,12.2438
1961-03,10.6824,15.0656,-24.2858,-24.3408,25.2654,12.8457
1961-04,13.8193,13.9217,-16.9894,-28.5772,25.5785,13.8443
1961-05,16.9826,12.7325,-6.8083,-30.3704,25.5522,14.8334
1961-06,19.6291,11.4536,1.3713,-31.6404,24.9635,15.5201
1961-07,20.8977,10.6161,3.8998,-34.8081,24.5275,15.7371
1961-08,20.7551,10.4109,2.1539,-35.3366,24.5959,15.5628
1961-09,18.7425,11.1608,-2.9060,-31.4050,24.7851,14.9302
1961-10,15.4870,12.2957,-10.4797,-27.4380,24.8495,13.8673
1961-11,11.8568,13.7155,-19.3903,-19.7224,24.5205,12.7598
1961-12,8.9252,15.0219,-24.8415,-15.1341,24.2868,11.9452
1962-01,8.0712,15.6873,-24.7625,-14.5952,24.2312,11.8502
1962-02,8.7683,15.6961,-24.9564,-17.9238,24.6799,12.2033
1962-03,10.8544,14.9015,-21.2942,-24.0753,25.0617,12.8506
1962-04,13.8332,13.7607,-15.3665,-29.2102,25.3549,13.7711
1962-05,16.8942,12.4209,-7.4604,-32.1682,25.3706,14.6334
1962-06,19.2764,11.4231,0.7862,-31.8721,24.8367,15.3285
1962-07,20.9471,10.4686,3.7577,-35.1379,24.6562,15.6878
1962-08,20.6755,10.3860,2.2460,-34.6263,24.5547,15.5107
1962-09,18.7611,10.8823,-3.5176,-33.7476,24.8066,14.8000
1962-10,15.7063,12.0199,-11.5330,-27.8930,24.8461,13.8388
1962-11,11.9649,13.6228,-18.5102,-20.1906,24.7115,12.7671
1962-12,9.1359,15.0100,-24.3444,-14.4523,24.3791,12.0447
1963-01,7.9253,15.7147,-25.4308,-13.3020,24.3252,11.7911
1963-02,8.8852,15.5617,-25.6912,-18.3504,24.7041,12.1951
1963-03,10.3821,14.7970,-25.2904,-24.7982,25.1330,12.5612
1963-04,13.6964,13.6116,-16.1147,-29.8854,25.4682,13.6274
1963-05,16.8299,12.5011,-6.8534,-31.4884,25.3928,14.6412
1963-06,19.4697,11.5025,0.9523,-30.9789,25.0802,15.4639
1963-07,20.9932,10.6514,3.4371,-34.3090,24.7863,15.8016
1963-08,20.8570,10.7021,2.1068,-32.5206,24.8790,15.7590
1963-09,18.9487,11.0941,-3.5273,-31.0328,25.0505,14.9991
1963-10,15.9163,12.0179,-11.9087,-29.0122,25.1053,13.9422
1963-11,12.1479,13.6275,-19.9152,-20.3971,24.8369,12.8606
1963-12,9.1497,15.0841,-23.1109,-13.9128,24.6228,12.0880
1964-01,7.8496,15.8200,-27.3388,-13.5096,24.6803,11.8045
1964-02,8.4696,15.6942,-24.0128,-18.7729,25.0382,12.0517
1964-03,10.2811,14.9077,-24.6361,-24.0285,25.4007,12.5653
1964-04,13.4363,13.5980,-18.1008,-29.7581,25.5552,13.4903
1964-05,16.8031,12.3532,-8.1579,-32.4345,25.4150,14.5540
1964-06,19.4398,11.2824,0.8966,-31.4303,24.8835,15.3400
1964-07,20.8946,10.5960,3.4368,-32.1837,24.5573,15.7259
1964-08,20.5102,10.3630,2.3095,-34.5638,24.4043,15.4172
1964-09,18.5148,10.6275,-3.3521,-34.3895,24.5270,14.5499
1964-10,15.2646,11.6729,-11.5208,-28.7172,24.4450,13.4447
1964-11,11.6727,13.3654,-20.7224,-19.4635,24.3078,12.4923
1964-12,8.8026,14.7552,-23.2121,-13.8839,23.9679,11.7511
1965-01,7.8122,15.6516,-25.9470,-13.3547,24.1578,11.7031
1965-02,8.1290,15.7051,-25.8821,-17.2418,24.6898,11.8875
1965-03,10.5768,14.7334,-22.7106,-23.7814,24.9306,12.6268
1965-04,13.5060,13.6647,-15.7528,-28.6132,25.3338,13.5586
1965-05,16.7815,12.5300,-7.0312,-30.7040,25.4164,14.6311
1965-06,19.3336,11.3301,0.7557,-32.1179,24.9413,15.3097
1965-07,20.7911,10.4433,3.7082,-33.3159,24.6304,15.5962
1965-08,20.5287,10.3914,2.2833,-34.3135,24.6055,15.4394
1965-09,18.6219,10.8716,-3.4687,-34.0879,24.8609,14.7239
1965-10,15.5693,12.0144,-11.9822,-28.0473,24.9418,13.7663
1965-11,11.8564,13.5610,-17.6914,-20.2202,24.7964,12.6808
1965-12,8.9988,15.0729,-25.0111,-13.4329,24.5214,12.0066
1966-01,7.6969,15.7681,-28.3453,-14.0923,24.6658,11.7023
1966-02,8.4623,15.7166,-27.6659,-17.3911,24.9277,12.0594
1966-03,10.4913,15.1296,-26.0383,-21.7426,25.2843,12.7816
1966-04,13.5697,13.8149,-17.7439,-28.3901,25.6715,13.6653
1966-05,16.8276,12.5022,-6.9707,-31.3275,25.5000,14.6405
1966-06,19.5866,11.4013,0.9854,-32.0642,25.1930,15.4719
1966-07,21.0210,10.6620,3.6570,-32.6746,24.8945,15.8207
1966-08,20.8996,10.2058,2.5268,-35.8460,24.7355,15.5322
1966-09,18.9063,10.8281,-2.9659,-32.3369,24.7594,14.8453
1966-10,15.4973,11.8843,-12.9966,-27.7695,24.8736,13.6658
1966-11,11.7999,13.6035,-19.4168,-19.5665,24.7436,12.6746
1966-12,9.0464,15.0279,-21.1901,-13.6072,24.5117,12.0087
1967-01,7.6196,15.8527,-26.6865,-12.2835,24.3493,11.7071
1967-02,8.0664,15.6402,-26.8560,-17.7335,24.6558,11.8237
1967-03,10.6995,14.8974,-21.8978,-23.9569,25.0325,12.7703
1967-04,13.6834,13.7814,-15.4934,-29.7357,25.4147,13.7061
1967-05,17.0872,12.6445,-5.6752,-31.0864,25.4819,14.8420
1967-06,19.4362,11.3854,1.0831,-31.9265,24.9501,15.3893
1967-07,20.9740,10.4687,3.9083,-33.7525,24.5288,15.7015
1967-08,20.7995,10.3215,2.1188,-34.5363,24.4785,15.5407
1967-09,18.8574,10.9142,-2.1998,-32.4880,24.6967,14.8644
1967-10,15.8851,12.0152,-9.9293,-28.1208,24.6734,13.9268
1967-11,11.8943,13.5631,-18.8750,-20.0625,24.5004,12.7022
1967-12,9.1135,15.0447,-22.2527,-13.2692,24.2584,12.0511
1968-01,7.5535,15.7048,-25.5125,-13.8605,24.2404,11.6002
1968-02,8.2978,15.6524,-25.5653,-17.5903,24.5073,11.9459
1968-03,10.9721,14.8348,-22.2356,-23.2629,24.8487,12.8766
1968-04,13.7175,13.6832,-15.8281,-28.4119,25.2005,13.6745
1968-05,16.8426,12.4378,-6.6290,-29.7410,25.0833,14.6168
1968-06,19.4157,11.2232,1.0484,-32.8318,24.8514,15.2978
1968-07,20.7783,10.5339,3.5116,-34.8271,24.6351,15.6356
1968-08,20.6378,10.3218,2.4872,-35.6965,24.6825,15.4589
1968-09,18.8033,10.6495,-2.7180,-34.6877,24.8515,14.7037
1968-10,15.6240,12.1936,-11.1656,-26.6938,25.0528,13.8837
1968-11,11.6583,13.7114,-22.1715,-19.6654,24.8916,12.6571
1968-12,8.8066,15.1056,-25.5460,-14.2798,24.6959,11.9266
1969-01,7.4421,16.0974,-24.9105,-12.9624,24.7424,11.7395
1969-02,8.0618,15.9217,-26.0211,-18.0342,25.1518,11.9611
1969-03,10.5003,15.1291,-24.9354,-24.3584,25.6789,12.7855
1969-04,13.7425,14.1131,-16.8347,-27.9168,25.9409,13.9005
1969-05,16.9725,12.8681,-6.1986,-30.3739,25.8184,14.8954
1969-06,19.4476,11.6084,1.0971,-31.5784,25.3203,15.5056
1969-07,20.8928,10.5538,4.0511,-35.6471,24.7783,15.7030
1969-08,20.6927,10.2550,2.5759,-36.2159,24.6763,15.4535
1969-09,18.8148,10.9658,-2.6485,-32.7952,24.9492,14.8681
1969-10,15.5875,12.1343,-10.3830,-27.1505,24.9959,13.8365
1969-11,12.0712,13.7629,-19.1277,-20.6018,24.9516,12.8898
1969-12,9.4832,15.2019,-21.0119,-13.8155,24.6505,12.3141
1970-01,7.9100,16.0339,-24.8025,-13.1215,24.7507,11.9425
1970-02,8.6869,15.8824,-25.6886,-18.3292,25.0949,12.2550
1970-03,10.5059,15.1791,-22.0820,-23.1160,25.3923,12.8141
1970-04,13.7242,14.0902,-17.4186,-27.7557,25.7283,13.8808
1970-05,16.8707,12.6085,-6.8382,-31.6704,25.5815,14.7153
1970-06,19.4700,11.5334,1.0759,-31.5459,25.1300,15.4803
1970-07,20.8420,10.6226,3.9380,-34.0865,24.5728,15.7130
1970-08,20.6497,10.2456,2.0943,-36.4294,24.5483,15.4279
1970-09,18.7695,10.9390,-2.6160,-31.9294,24.6561,14.8331
1970-10,15.4629,12.1976,-11.6140,-26.4212,24.8857,13.8060
1970-11,11.9112,13.5710,-18.9518,-20.1922,24.5405,12.7148
1970-12,8.8499,15.1410,-23.7427,-12.8541,24.3110,11.9676
1971-01,7.7507,15.8629,-27.3827,-12.3410,24.2513,11.7785
1971-02,8.2119,15.6090,-24.5619,-17.7878,24.4817,11.8821
1971-03,10.3944,14.8562,-22.0663,-24.4344,25.0029,12.5977
1971-04,13.5355,13.8215,-16.5436,-27.2743,25.2429,13.6524
1971-05,16.7535,12.4338,-6.0233,-29.7770,25.1466,14.5699
1971-06,19.3596,11.2044,1.5717,-31.9164,24.7077,15.2606
1971-07,20.7172,10.3743,4.0132,-34.4221,24.4098,15.5259
1971-08,20.5210,10.3330,2.6596,-33.9428,24.3207,15.4074
1971-09,18.7140,10.8612,-1.8968,-32.0804,24.5793,14.7664
1971-10,15.4657,11.8913,-11.4731,-27.9218,24.5740,13.6544
1971-11,11.8639,13.4226,-20.2477,-20.6236,24.3208,12.6171
1971-12,8.9799,15.0345,-24.2350,-13.0144,24.1452,11.9795
1972-01,7.3096,15.8911,-24.6639,-12.6097,24.2844,11.5713
1972-02,7.9132,15.7883,-25.8856,-17.2316,24.6483,11.8211
1972-03,10.5138,14.9273,-22.1173,-24.3015,25.0431,12.6924
1972-04,13.5938,13.9543,-16.7656,-28.0429,25.3767,13.7475
1972-05,16.7418,12.6878,-6.9659,-30.5617,25.4609,14.6900
1972-06,19.4166,11.7688,0.7947,-29.5888,25.1105,15.5706
1972-07,20.8751,10.7926,3.8191,-33.0880,24.8634,15.8126
1972-08,20.6622,10.6903,2.3337,-32.2086,24.7927,15.6551
1972-09,18.6330,11.2077,-2.5287,-31.6683,25.0566,14.8973
1972-10,15.6603,12.1865,-10.1932,-27.5774,25.2967,13.8975
1972-11,11.6854,13.8381,-20.4914,-20.4209,25.0709,12.7334
1972-12,9.0486,15.4654,-22.9629,-13.7874,24.9738,12.2272
1973-01,8.0295,16.2042,-24.3685,-13.2241,24.9616,12.0865
1973-02,8.8853,15.9746,-25.5885,-19.1274,25.3296,12.3997
1973-03,10.9138,15.0734,-23.2896,-25.9842,25.6373,12.9646
1973-04,13.9918,13.9525,-15.6174,-28.9036,25.8217,13.9455
1973-05,17.0412,12.7933,-6.5419,-29.3345,25.6670,14.8932
1973-06,19.6128,11.4853,1.5794,-31.6170,25.1593,15.5276
1973-07,20.8613,10.7342,4.0407,-31.9505,24.7020,15.7778
1973-08,20.6933,10.3218,2.8282,-35.2960,24.5809,15.4878
1973-09,18.7598,10.9899,-2.5751,-32.0825,24.7466,14.8535
1973-10,15.5442,12.1107,-11.0806,-27.0076,24.8285,13.8033
1973-11,11.9093,13.6580,-18.6652,-19.0315,24.5513,12.7574
1973-12,9.2025,14.9716,-22.3069,-14.5720,24.0966,12.0599
1974-01,7.7207,15.7362,-22.1970,-12.4771,23.9440,11.7004
1974-02,8.1321,15.4793,-25.2188,-18.7754,24.3782,11.7770
1974-03,10.5722,14.7133,-21.1357,-25.6043,24.8353,12.6149
1974-04,13.6738,13.5838,-15.9704,-29.9203,25.2592,13.6024
1974-05,16.6862,12.4164,-6.7531,-30.5826,25.1202,14.5273
1974-06,19.2709,11.2999,0.5588,-30.4930,24.8110,15.2635
1974-07,20.6853,10.4134,4.0111,-35.0911,24.4358,15.5293
1974-08,20.5689,10.4530,2.7584,-32.8530,24.5256,15.4906
1974-09,18.6523,10.6961,-2.6637,-34.3156,24.5810,14.6523
1974-10,15.3953,11.8822,-11.1929,-28.1723,24.6866,13.6144
1974-11,11.6373,13.5566,-20.6368,-19.5668,24.4821,12.5703
1974-12,8.7493,15.1116,-24.7454,-12.6657,24.1572,11.9027
1975-01,7.8617,15.7958,-26.8038,-13.4328,24.1662,11.8000
1975-02,8.5088,15.6885,-24.1748,-18.0723,24.5667,12.0698
1975-03,10.6880,14.9647,-22.6033,-23.6297,25.0271,12.7985
1975-04,13.8136,13.6798,-15.5146,-29.9063,25.3671,13.7205
1975-05,16.8556,12.4543,-6.1694,-30.7125,25.2088,14.6313
1975-06,19.4099,11.2091,1.5289,-32.4811,24.8149,15.2882
1975-07,20.7512,10.2888,3.6386,-33.7726,24.3251,15.5004
1975-08,20.5673,10.0201,2.4807,-36.6599,24.3669,15.2736
1975-09,18.7024,10.5531,-3.1455,-34.9190,24.4572,14.6066
1975-10,15.4472,11.6376,-11.6102,-29.1553,24.4720,13.5185
1975-11,11.5982,13.4442,-20.1690,-20.2590,24.3441,12.4949
1975-12,8.9095,14.8302,-22.8906,-14.2465,23.9658,11.8423
1976-01,7.8965,15.5797,-24.7136,-13.0990,23.8833,11.7103
1976-02,8.2600,15.4615,-24.1854,-18.3593,24.2618,11.8323
1976-03,10.2056,14.6429,-20.6881,-25.4063,24.8220,12.3959
1976-04,13.6671,13.4652,-15.0518,-31.2635,25.1643,13.5399
1976-05,16.6322,12.1878,-7.1826,-33.9889,25.1465,14.3854
1976-06,19.2579,11.2650,1.0258,-33.2842,24.8177,15.2397
1976-07,20.6038,10.5820,3.6273,-33.2445,24.5103,15.5727
1976-08,20.4594,10.2982,2.2791,-35.3422,24.4788,15.3584
1976-09,18.7644,10.7791,-1.7985,-33.9747,24.7830,14.7491
1976-10,15.1182,11.7064,-11.9177,-30.7815,24.9111,13.3866
1976-11,11.5473,13.6094,-19.8849,-20.0738,24.7596,12.5507
1976-12,8.7836,15.2718,-23.8508,-12.7187,24.5854,11.9990
1977-01,7.7591,16.1087,-22.0028,-12.1674,24.5863,11.9043
1977-02,8.5307,15.8147,-26.3346,-18.9116,24.8295,12.1435
1977-03,10.8000,14.9205,-24.8913,-25.7494,25.2450,12.8320
1977-04,13.8932,13.8647,-16.2027,-29.5389,25.5149,13.8527
1977-05,17.1041,12.6369,-5.6362,-31.0724,25.4012,14.8468
1977-06,19.6989,11.5329,1.6248,-32.0057,25.0443,15.5948
1977-07,20.9002,10.7186,3.8032,-33.6268,24.7490,15.7895
1977-08,20.6703,10.6593,2.5226,-33.0307,24.6603,15.6450
1977-09,18.9155,10.7311,-2.7861,-35.8236,24.8511,14.8009
1977-10,15.5178,11.9925,-11.8446,-29.4837,24.9857,13.7301
1977-11,12.1497,13.6788,-19.1528,-21.1342,24.8319,12.8872
1977-12,9.1672,15.1378,-23.1789,-14.5952,24.5889,12.1239
1978-01,7.9709,15.8615,-25.3983,-14.8961,24.6181,11.8864
1978-02,8.4910,15.8609,-25.5956,-18.0227,24.9530,12.1460
1978-03,10.6948,15.0342,-23.2226,-24.6691,25.3414,12.8362
1978-04,13.7970,13.8751,-16.5837,-28.7267,25.5322,13.8100
1978-05,16.8657,12.7216,-6.8172,-30.7791,25.5166,14.7699
1978-06,19.3449,11.4124,0.3679,-33.0961,24.9799,15.3573
1978-07,20.7616,10.7607,3.7293,-32.7611,24.5796,15.7413
1978-08,20.5486,10.2713,2.4768,-37.2512,24.5663,15.3897
1978-09,18.7892,10.7775,-2.8066,-33.9296,24.6564,14.7616
1978-10,15.5962,11.9542,-11.2420,-28.2847,24.8030,13.7509
1978-11,12.1015,13.6384,-17.9657,-20.1918,24.7014,12.8434
1978-12,9.1593,15.1991,-23.2168,-13.9792,24.5561,12.1508
1979-01,7.9468,16.1522,-24.0863,-13.1422,24.7246,12.0201
1979-02,8.1985,15.9449,-28.3763,-18.4088,25.0239,12.0417
1979-03,10.6953,15.2067,-23.1261,-24.0182,25.3858,12.9226
1979-04,13.5905,14.1697,-16.8563,-27.6698,25.7292,13.8532
1979-05,16.9086,12.7702,-6.7529,-30.9250,25.5725,14.8149
1979-06,19.5746,11.5710,0.6875,-32.5672,25.1818,15.5511
1979-07,20.9526,10.5518,3.8298,-36.1800,24.7480,15.7320
1979-08,20.7495,10.6957,2.3804,-34.2031,24.7915,15.7023
1979-09,18.9868,11.1970,-2.5968,-31.7586,24.9722,15.0700
1979-10,15.8750,12.3379,-11.1643,-27.6886,25.1482,14.0819
1979-11,12.1226,13.9034,-18.5307,-19.6456,24.9745,12.9861
1979-12,9.7187,15.4039,-22.3804,-13.4175,24.6711,12.5334
1980-01,8.0966,16.2476,-23.4485,-13.0110,24.8242,12.1426
1980-02,8.8891,16.1315,-22.1600,-17.2906,25.1079,12.4810
1980-03,10.7310,15.5898,-20.5073,-21.9667,25.6017,13.1323
1980-04,13.9508,14.4571,-16.0105,-25.7866,25.9351,14.1776
1980-05,17.1960,13.1923,-5.5231,-28.3631,25.7788,15.1704
1980-06,19.7385,11.7626,1.2582,-31.1263,25.2780,15.7291
1980-07,21.0098,11.0697,3.5139,-29.8771,24.7724,16.0202
1980-08,20.7764,10.9174,2.4956,-30.9589,24.7998,15.8273
1980-09,18.8498,11.3510,-3.0919,-30.2566,24.9787,15.0786
1980-10,15.7545,12.2757,-9.8540,-27.6208,25.0802,13.9908
1980-11,12.0781,13.8570,-21.1555,-18.9664,24.8656,12.9410
1980-12,9.1604,15.2823,-23.7670,-13.9706,24.5477,12.1930
1981-01,8.6274,15.9647,-21.7481,-13.6459,24.4063,12.2681
1981-02,9.1236,15.8923,-23.0736,-17.3890,24.7863,12.4798
1981-03,11.2478,15.2978,-21.7700,-22.2680,25.3766,13.2454
1981-04,14.1594,14.1893,-14.6000,-27.8608,25.7143,14.1485
1981-05,17.0813,13.0292,-5.7858,-29.8540,25.5979,15.0317
1981-06,19.7676,11.7420,1.4313,-30.3116,25.1044,15.7335
1981-07,20.9670,11.0477,3.4658,-30.2160,24.6699,15.9880
1981-08,20.8861,10.9038,2.6129,-31.0761,24.7093,15.8755
1981-09,18.9470,11.3163,-2.5900,-30.6673,24.8511,15.1103
1981-10,15.8519,12.2520,-9.6379,-26.9563,25.0174,14.0276
1981-11,12.2226,13.7218,-16.5160,-20.3983,24.8224,12.9454
1981-12,9.6909,15.2267,-21.7213,-13.7532,24.6876,12.4308
1982-01,7.7417,16.0471,-25.7661,-13.1587,24.5820,11.8649
1982-02,8.6430,15.8984,-23.1508,-17.8251,24.8071,12.2414
1982-03,10.6200,14.9816,-21.9202,-25.8858,25.3424,12.7718
1982-04,13.8088,13.8929,-15.9161,-30.0805,25.6213,13.8239
1982-05,16.8605,12.9678,-7.3399,-29.6399,25.4861,14.8897
1982-06,19.4465,11.7236,0.8471,-31.1179,25.2160,15.5628
1982-07,20.8670,10.9566,3.9174,-31.6450,24.7879,15.8915
1982-08,20.6275,10.7296,2.3521,-33.3540,24.7608,15.6579
1982-09,18.8688,11.1386,-2.8205,-32.6534,24.9485,14.9808
1982-10,15.5893,12.3146,-11.4223,-26.7897,25.0496,13.9265
1982-11,11.7409,14.0152,-20.0105,-18.4481,24.9899,12.8496
1982-12,9.3950,15.5285,-22.3622,-12.6003,24.7830,12.4324
1983-01,8.2918,16.3506,-24.0906,-13.1963,24.8113,12.2906
1983-02,8.8120,16.3218,-24.0614,-18.0650,25.3380,12.5363
1983-03,10.9997,15.5011,-20.6191,-24.3408,25.6634,13.2209
1983-04,13.7807,14.4441,-16.2539,-26.9043,25.9386,14.0850
1983-05,16.9430,13.3633,-6.7361,-27.3532,25.9361,15.1284
1983-06,19.5741,11.9047,1.1389,-31.0324,25.4676,15.7171
1983-07,21.0541,10.8133,3.7975,-34.7873,25.0306,15.9130
1983-08,20.9193,10.8452,2.5145,-32.9129,24.8836,15.8620
1983-09,19.0631,11.4784,-2.4500,-29.6906,25.1207,15.2494
1983-10,15.7116,12.2784,-11.5396,-27.6080,25.0207,13.9711
1983-11,12.3946,13.6902,-18.6965,-21.3862,24.8829,13.0163
1983-12,9.2597,15.2784,-22.1612,-14.4470,24.5755,12.2415
1984-01,8.0875,16.0489,-22.8699,-12.9771,24.4390,12.0399
1984-02,8.4248,15.9762,-24.4666,-18.0906,24.8743,12.1718
1984-03,10.8035,15.2850,-22.3763,-22.4426,25.4263,13.0163
1984-04,13.6952,14.1427,-17.0135,-27.2392,25.6992,13.8926
1984-05,17.1211,13.0186,-6.2288,-28.0658,25.5707,15.0468
1984-06,19.5109,11.4851,1.6930,-32.3905,24.9574,15.4770
1984-07,20.8396,10.5950,4.3760,-33.3613,24.5133,15.6977
1984-08,20.7463,10.6398,2.4279,-33.1117,24.6325,15.6732
1984-09,18.7840,11.1797,-1.8933,-31.3513,24.7928,14.9603
1984-10,15.6914,12.2058,-9.3954,-27.4194,24.9026,13.9245
1984-11,11.8108,13.6776,-18.1964,-20.0415,24.7100,12.7177
1984-12,8.8266,15.3537,-20.9069,-12.5825,24.4549,12.0622
1985-01,8.0534,16.0426,-22.8538,-12.8995,24.5947,12.0195
1985-02,8.2652,15.8629,-24.5930,-18.8942,24.8272,12.0347
1985-03,10.6012,15.2117,-21.9786,-23.6185,25.3474,12.8784
1985-04,13.6767,14.1535,-16.8832,-27.5355,25.4094,13.8890
1985-05,16.9599,12.7365,-5.8679,-31.1439,25.4186,14.8247
1985-06,19.4933,11.5816,1.7781,-30.7533,24.8822,15.5165
1985-07,20.6669,10.7598,3.6817,-33.8091,24.4373,15.6939
1985-08,20.6593,10.8148,2.3524,-32.6635,24.5850,15.7176
1985-09,18.7492,11.1445,-2.0716,-32.2409,24.7262,14.9255
1985-10,15.5687,12.0794,-11.1404,-27.7491,24.8277,13.7997
1985-11,11.9485,13.6581,-17.0422,-20.2038,24.7496,12.7765
1985-12,9.2898,15.0056,-21.1612,-14.7126,24.4702,12.1196
1986-01,8.1527,15.9237,-25.6365,-13.1679,24.4429,12.0094
1986-02,8.7543,16.0053,-23.0251,-15.8144,24.8705,12.3511
1986-03,10.7786,15.2695,-22.4916,-23.1094,25.2982,12.9963
1986-04,13.9465,14.2290,-16.0316,-27.8074,25.7492,14.0618
1986-05,17.1171,12.9153,-5.6563,-30.1618,25.6490,14.9923
1986-06,19.5349,11.5781,1.0047,-32.2878,25.1013,15.5349
1986-07,20.7963,10.8057,3.5126,-32.9225,24.6179,15.7811
1986-08,20.7413,10.6486,2.1941,-33.6855,24.7602,15.6745
1986-09,18.7750,11.1084,-3.2035,-33.4495,24.8821,14.9194
1986-10,15.6135,12.1421,-11.4847,-27.7571,24.9948,13.8526
1986-11,11.9747,13.8185,-17.7332,-19.6030,24.8873,12.8691
1986-12,9.2012,15.2938,-22.8798,-13.9297,24.6773,12.2183
1987-01,8.1557,16.1213,-23.9866,-12.4645,24.7269,12.1089
1987-02,8.9744,15.9653,-26.5022,-18.0531,25.1216,12.4402
1987-03,10.6455,15.2685,-22.7610,-24.6418,25.6387,12.9277
1987-04,13.8359,14.2735,-16.1979,-29.4536,25.9443,14.0275
1987-05,17.0913,12.9361,-6.5518,-31.1921,25.8914,14.9889
1987-06,19.6402,11.9881,1.0267,-29.7819,25.4601,15.7917
1987-07,21.0967,11.2258,3.8910,-31.1806,25.2214,16.1404
1987-08,20.9153,10.8088,2.4857,-34.4676,25.1738,15.8409
1987-09,19.0895,11.4013,-3.6951,-31.8125,25.3995,15.2223
1987-10,15.8074,12.4448,-10.8089,-27.2515,25.4581,14.1002
1987-11,12.0198,14.0317,-20.1411,-20.3975,25.4309,12.9972
1987-12,9.7088,15.4291,-23.9112,-13.8498,25.0678,12.5395
1988-01,8.4072,16.2737,-24.3020,-12.7487,25.0367,12.3109
1988-02,8.8273,16.0253,-23.0040,-18.3473,25.3927,12.3963
1988-03,11.0538,15.4376,-21.8004,-23.3715,25.8684,13.2171
1988-04,14.1179,14.2794,-16.3206,-27.2930,26.0074,14.1727
1988-05,17.3556,13.0088,-5.1227,-29.4552,25.8497,15.1592
1988-06,19.8809,11.8119,1.6994,-30.2612,25.2588,15.8261
1988-07,21.2121,10.8906,4.3181,-32.6239,24.7909,16.0324
1988-08,20.9079,11.0210,2.5410,-30.9791,24.8293,15.9452
1988-09,19.0828,11.4769,-2.2198,-30.5466,25.0601,15.2591
1988-10,15.8112,12.4250,-11.0796,-26.0188,25.0194,14.0949
1988-11,11.9874,13.6675,-20.3301,-19.9997,24.6880,12.8015
1988-12,9.5390,15.1065,-22.3489,-13.7794,24.3417,12.2959
1989-01,7.8537,15.8947,-26.6682,-13.7023,24.2963,11.8459
1989-02,8.9303,15.9113,-21.8979,-18.1623,24.6415,12.3927
1989-03,10.9563,15.2021,-21.2555,-23.3376,25.0979,13.0518
1989-04,14.0445,14.1006,-14.7629,-27.6302,25.5561,14.0467
1989-05,17.1508,12.6053,-5.9929,-32.7081,25.4815,14.8544
1989-06,19.7011,11.4950,1.5819,-33.2293,25.0456,15.5766
1989-07,21.1249,10.8981,3.8071,-32.3717,24.7158,15.9919
1989-08,20.9163,10.7034,2.7765,-33.2409,24.6968,15.7901
1989-09,19.0684,11.3016,-2.2236,-30.6741,24.9689,15.1634
1989-10,15.8546,12.3371,-11.3279,-26.1346,25.0028,14.0716
1989-11,11.9904,13.8247,-20.2011,-19.6128,24.9715,12.8804
1989-12,9.5218,15.3859,-22.5052,-12.4431,24.6969,12.4256
1990-01,8.3788,16.1032,-23.8060,-12.4081,24.7343,12.2119
1990-02,8.9522,16.0158,-24.0276,-17.8638,25.0894,12.4545
1990-03,11.7072,15.3119,-19.4128,-24.1382,25.5106,13.4819
1990-04,14.4341,14.2372,-12.4140,-27.7921,25.9676,14.3092
1990-05,17.4387,13.0997,-4.0070,-29.6125,25.7974,15.2451
1990-06,19.9761,11.6645,2.1658,-32.4940,25.3244,15.7985
1990-07,21.1557,11.1863,4.3378,-30.3927,24.8056,16.1516
1990-08,21.1037,10.8275,3.0132,-33.5050,24.9018,15.9456
1990-09,19.2380,11.2372,-1.9054,-32.2612,25.0163,15.2158
1990-10,16.0688,12.5565,-11.3034,-27.1535,25.2641,14.2882
1990-11,12.4278,14.1260,-20.7709,-18.6812,25.2159,13.2500
1990-12,9.6005,15.4882,-23.4679,-12.5609,24.9510,12.5160
1991-01,8.4701,16.1407,-23.4738,-13.4480,24.8136,12.2762
1991-02,9.0324,16.2402,-24.3669,-16.2491,25.1977,12.6068
1991-03,11.0334,15.3365,-21.8311,-24.3550,25.6393,13.1562
1991-04,14.2571,14.2733,-15.6074,-27.4545,25.8518,14.2389
1991-05,17.2613,12.9577,-5.0466,-30.8523,25.7793,15.0849
1991-06,19.9978,12.0679,1.6246,-29.3802,25.4886,16.0108
1991-07,21.2730,11.1308,4.4084,-31.0432,24.9449,16.1818
1991-08,21.0264,10.9577,3.0089,-31.9493,24.8166,15.9720
1991-09,19.2110,11.3216,-1.4984,-30.5105,25.0503,15.2445
1991-10,15.9340,12.3114,-10.5929,-26.6715,25.0050,14.0981
1991-11,12.3190,13.7601,-17.6559,-19.5448,24.8613,13.0122
1991-12,9.3787,15.3368,-21.5921,-12.5064,24.6892,12.3286
1992-01,8.4241,16.0991,-24.6448,-12.9883,24.6103,12.2317
1992-02,8.9496,16.0680,-24.1958,-17.5783,25.0293,12.4788
1992-03,11.0771,15.3046,-20.3328,-23.6769,25.5798,13.1620
1992-04,13.8284,14.1108,-16.0461,-28.3038,25.8635,13.9421
1992-05,16.9964,12.8993,-6.3096,-29.4953,25.7827,14.9230
1992-06,19.5356,11.8283,0.7608,-29.9285,25.3770,15.6602
1992-07,20.7267,10.8488,3.5176,-31.5805,24.7380,15.7678
1992-08,20.6271,10.6599,1.9928,-32.5918,24.7184,15.6235
1992-09,18.6555,11.0630,-3.0763,-32.9620,24.8914,14.8372
1992-10,15.5398,12.1994,-12.0243,-26.8437,24.9699,13.8450
1992-11,11.8159,13.7433,-19.4652,-19.0664,24.7252,12.7526
1992-12,9.3203,15.1412,-22.9482,-14.2488,24.6030,12.2022
1993-01,8.2067,16.1203,-24.6579,-12.7956,24.5693,12.1343
1993-02,9.0034,15.8970,-23.1360,-17.6870,24.8555,12.4210
1993-03,10.9178,15.2296,-22.7146,-24.0474,25.4687,13.0454
1993-04,14.0082,14.1168,-14.9442,-28.9393,25.8608,14.0357
1993-05,17.1870,12.7953,-5.1995,-31.7246,25.7973,14.9664
1993-06,19.7518,11.6532,1.8706,-31.3805,25.3676,15.6803
1993-07,20.9868,10.8117,4.0876,-33.3540,24.8941,15.8791
1993-08,20.7805,10.7141,2.3839,-33.5462,24.8104,15.7272
1993-09,18.8110,11.0930,-2.4827,-33.0327,25.0147,14.9297
1993-10,15.7752,12.3072,-11.1757,-26.8837,25.2239,14.0162
1993-11,11.8002,13.9113,-18.1794,-19.5173,25.1505,12.8279
1993-12,9.4324,15.2511,-24.1653,-14.3457,24.8720,12.3127
1994-01,8.1561,15.9954,-25.3815,-13.8942,24.7883,12.0464
1994-02,8.4760,15.7703,-24.1452,-19.1349,25.0205,12.0932
1994-03,11.0239,15.0141,-22.0895,-25.4571,25.5090,12.9907
1994-04,14.1940,14.0203,-14.7484,-28.0840,25.7966,14.0811
1994-05,17.2492,12.6252,-5.8656,-32.2774,25.6933,14.9132
1994-06,19.8594,11.6412,1.4578,-30.8024,25.1716,15.7289
1994-07,21.1684,10.7796,4.1278,-32.4454,24.7200,15.9544
1994-08,21.0105,10.4844,2.5184,-35.5426,24.7167,15.7273
1994-09,19.1483,11.3107,-2.9635,-31.2525,25.0005,15.2076
1994-10,16.1146,12.2437,-10.7273,-27.0265,25.1233,14.1544
1994-11,12.3921,13.9046,-19.5101,-19.2175,25.0487,13.1210
1994-12,9.4975,15.3481,-22.6780,-14.1980,24.8284,12.3935
1995-01,8.6651,16.0200,-23.5863,-14.5707,24.8241,12.3129
1995-02,9.6490,15.9990,-21.8174,-17.7977,25.1352,12.7949
1995-03,11.1156,15.2880,-22.0152,-23.7864,25.6579,13.1733
1995-04,14.4734,14.0636,-11.3711,-28.9628,25.9236,14.2423
1995-05,17.3576,12.7434,-4.9292,-32.0425,25.7872,15.0265
1995-06,20.0347,11.8017,1.9182,-30.7043,25.4828,15.8968
1995-07,21.1903,11.0996,3.8903,-30.5876,25.0486,16.1251
1995-08,21.2288,10.8196,3.0981,-32.6151,25.0226,16.0047
1995-09,19.3349,11.1991,-1.4306,-32.8232,25.1651,15.2457
1995-10,16.2017,12.3487,-10.0698,-26.8819,25.1777,14.2515
1995-11,12.5626,13.7823,-16.5687,-20.2966,24.9779,13.1462
1995-12,9.5117,15.1942,-22.9868,-13.6534,24.7547,12.3250
1996-01,8.2376,15.9849,-22.9622,-13.4271,24.7730,12.0824
1996-02,9.0542,16.0178,-22.5733,-17.1162,25.0973,12.5074
1996-03,11.0450,15.2086,-19.3651,-24.0910,25.5642,13.0987
1996-04,13.9800,14.1067,-14.2170,-27.4904,25.7465,14.0172
1996-05,17.2417,12.5950,-5.8869,-32.9209,25.6825,14.8945
1996-06,19.7160,11.6612,0.8530,-31.8020,25.2645,15.6671
1996-07,21.1560,10.9287,3.7472,-32.1618,24.8652,16.0226
1996-08,20.8483,11.1905,1.8349,-29.0458,24.8526,16.0001
1996-09,18.9296,11.3515,-3.3908,-30.6200,25.0557,15.1188
1996-10,15.6902,12.3707,-11.4482,-27.3072,25.1217,14.0061
1996-11,12.3608,13.9935,-15.1627,-18.1871,24.8961,13.1510
1996-12,9.5564,15.3385,-22.2014,-13.0561,24.6799,12.4196
1997-01,8.1933,16.0099,-25.7082,-13.5256,24.5837,12.0727
1997-02,8.9844,15.9041,-24.8592,-18.2001,24.8129,12.4151
1997-03,11.2940,15.2406,-20.3077,-23.7104,25.4621,13.2389
1997-04,14.1762,13.9446,-14.0951,-29.8325,25.6142,14.0337
1997-05,17.3371,12.7306,-5.5558,-31.8976,25.7002,15.0092
1997-06,19.9441,11.9058,1.3755,-30.2940,25.4752,15.9028
1997-07,21.3074,10.8491,3.7338,-34.7692,25.1593,16.0569
1997-08,21.1998,10.7988,2.2348,-34.8892,25.1977,15.9776
1997-09,19.3744,11.4356,-1.9684,-32.2792,25.5364,15.3817
1997-10,16.2854,12.5534,-9.6359,-26.6681,25.6498,14.3935
1997-11,12.5032,14.2573,-17.1688,-17.4640,25.5613,13.3522
1997-12,9.6331,15.6620,-23.3404,-12.8015,25.3486,12.6176
1998-01,8.4783,16.3721,-24.3044,-13.5580,25.4136,12.3940
1998-02,9.3868,16.4427,-26.8774,-16.9384,25.8571,12.8837
1998-03,11.2976,15.5098,-20.8135,-24.7930,26.1341,13.3737
1998-04,14.7216,14.2986,-13.8311,-30.1251,26.5062,14.4825
1998-05,17.6686,13.2609,-5.9588,-28.9841,26.3206,15.4399
1998-06,20.2535,12.1210,1.8789,-29.3677,25.7281,16.1661
1998-07,21.6062,11.1336,4.4559,-33.3896,25.2069,16.3508
1998-08,21.4352,11.1087,3.0047,-32.3482,25.1957,16.2530
1998-09,19.4957,11.3338,-1.8928,-32.8566,25.3239,15.3936
1998-10,16.1971,12.3880,-10.8438,-28.2946,25.4043,14.2687
1998-11,12.4125,13.9026,-16.8753,-19.9574,25.1009,13.1314
1998-12,9.8989,15.3113,-21.7098,-13.5898,24.7521,12.5781
1999-01,8.4243,16.0612,-25.2843,-13.2006,24.6077,12.2150
1999-02,9.4616,15.9571,-24.3935,-17.9910,25.0344,12.6815
1999-03,10.9006,15.1920,-21.7781,-24.5373,25.4594,13.0183
1999-04,14.2646,13.9032,-15.9198,-30.1449,25.7102,14.0581
1999-05,17.2416,12.7339,-6.1927,-31.9153,25.5445,14.9643
1999-06,19.7973,11.7461,1.3792,-30.6189,25.1647,15.7507
1999-07,21.1759,10.9171,3.7252,-32.6596,24.7731,16.0270
1999-08,21.0126,10.7738,2.5121,-33.1526,24.7185,15.8740
1999-09,19.2357,11.2971,-1.8977,-30.7920,24.9157,15.2457
1999-10,16.0045,12.3328,-10.8599,-26.5744,24.9969,14.1450
1999-11,12.4060,13.7808,-17.6698,-19.3348,24.8428,13.0674
1999-12,9.8362,15.1023,-21.8504,-14.8781,24.5397,12.4419
2000-01,8.2726,15.8889,-23.7585,-14.5394,24.6180,12.0524
2000-02,9.3465,15.8957,-22.3780,-18.4202,24.8395,12.5931
2000-03,11.3590,15.0772,-20.8014,-24.5781,25.2755,13.1906
2000-04,14.6136,13.9958,-14.0415,-29.2017,25.7997,14.2789
2000-05,17.4131,12.7166,-6.1572,-30.8679,25.6172,15.0410
2000-06,19.8418,11.6782,1.5088,-30.9709,25.1053,15.7389
2000-07,21.2186,10.8028,3.8356,-32.2909,24.7050,15.9912
2000-08,21.1420,10.7703,2.7166,-32.3784,24.8566,15.9365
2000-09,19.1554,11.3024,-2.3216,-30.5217,25.0299,15.2076
2000-10,15.8886,12.2616,-10.2378,-27.8442,25.1337,14.0507
2000-11,12.1449,13.9564,-17.8172,-18.0474,24.9914,13.0239
2000-12,9.4267,15.2761,-22.0413,-14.3435,24.6971,12.3233
2001-01,8.3828,16.0984,-23.9570,-13.6587,24.6289,12.2122
2001-02,8.8962,16.0551,-23.2459,-17.7395,24.9934,12.4468
2001-03,11.3178,15.2381,-22.7732,-24.6418,25.5199,13.2500
2001-04,14.2801,14.1889,-16.0585,-28.5992,25.9254,14.2083
2001-05,17.5168,12.9625,-6.1293,-29.6482,25.7868,15.2159
2001-06,19.9538,11.8321,1.7020,-30.5141,25.2505,15.8719
2001-07,21.4041,11.0516,4.3636,-31.6923,24.9267,16.2085
2001-08,21.3251,10.8354,2.8625,-34.8944,25.0297,16.0606
2001-09,19.3798,11.3988,-1.5086,-31.4697,25.1467,15.3682
2001-10,16.2507,12.4786,-10.1947,-26.9922,25.2769,14.3404
2001-11,12.9285,14.0642,-16.5509,-19.0906,25.1141,13.4701
2001-12,9.9991,15.4478,-18.9179,-13.1434,24.9748,12.6956
2002-01,8.8596,16.2720,-24.4073,-12.4716,24.7890,12.5372
2002-02,9.4619,16.0395,-26.4930,-18.2944,25.2059,12.7214
2002-03,11.6684,15.5870,-19.4580,-22.4654,25.7881,13.6001
2002-04,14.1973,14.4513,-15.3040,-26.9465,26.0140,14.2980
2002-05,17.4089,13.3224,-5.5114,-27.4593,25.9931,15.3416
2002-06,20.0970,11.9582,2.3262,-30.4594,25.4564,16.0061
2002-07,21.4902,11.0758,4.1199,-32.7311,25.1384,16.2630
2002-08,21.1854,10.9848,2.9907,-32.8046,25.0557,16.0650
2002-09,19.4235,11.5233,-1.6868,-29.7977,25.2271,15.4516
2002-10,16.1671,12.6137,-8.1625,-26.0516,25.4234,14.3655
2002-11,12.6975,13.9893,-16.4042,-19.9537,25.2893,13.3158
2002-12,9.6898,15.4561,-20.2147,-14.2405,25.1824,12.5433
2003-01,8.8254,16.3309,-23.1944,-12.9213,25.0831,12.5485
2003-02,9.0201,16.3235,-24.6238,-16.7571,25.4697,12.6420
2003-03,11.1412,15.4025,-21.2720,-24.0304,25.7433,13.2431
2003-04,14.3512,14.1845,-13.9615,-28.9594,26.0486,14.2416
2003-05,17.5899,12.9532,-4.8718,-30.6893,25.9255,15.2479
2003-06,19.9499,11.7807,1.6708,-32.1312,25.4071,15.8441
2003-07,21.4143,10.9891,4.1868,-33.7527,25.0519,16.1818
2003-08,21.4340,10.9204,3.2450,-32.7865,25.0193,16.1575
2003-09,19.5913,11.4918,-0.9330,-30.6439,25.2354,15.5202
2003-10,16.6678,12.4820,-8.2620,-26.9173,25.4629,14.5505
2003-11,12.6960,14.0245,-16.5650,-19.7500,25.3346,13.3330
2003-12,10.2029,15.5394,-21.1756,-13.1077,25.0232,12.8428
2004-01,8.6320,16.2272,-23.9912,-13.0363,25.0081,12.4002
2004-02,9.3969,16.1746,-25.4126,-16.9719,25.2423,12.7566
2004-03,11.5057,15.3471,-22.1805,-24.2127,25.7454,13.3980
2004-04,14.4528,14.2940,-14.0924,-28.1424,25.9873,14.3473
2004-05,17.4084,12.7429,-5.4527,-31.8259,25.7648,15.0513
2004-06,19.9240,11.8972,1.5767,-30.5494,25.2543,15.8895
2004-07,21.2635,10.6825,4.1101,-35.3670,24.8282,15.9532
2004-08,21.1812,10.7593,3.0210,-33.8770,24.9861,15.9500
2004-09,19.4028,11.4532,-1.8546,-31.2466,25.1643,15.4063
2004-10,16.3885,12.5670,-9.2314,-26.6650,25.3682,14.4531
2004-11,12.9150,14.0221,-17.7500,-19.3548,25.2625,13.4416
2004-12,9.6628,15.5348,-22.4278,-12.9676,25.0856,12.5698
2005-01,8.9259,16.3121,-20.7252,-12.8273,25.0189,12.5895
2005-02,9.3177,16.2125,-21.0343,-17.9273,25.5809,12.7355
2005-03,11.5921,15.4597,-20.2147,-23.7172,25.9540,13.4976
2005-04,14.6879,14.2293,-14.1658,-29.4668,26.1827,14.4321
2005-05,17.7079,13.0023,-4.4272,-30.8988,25.9830,15.3312
2005-06,20.2470,11.9141,2.3195,-30.4677,25.5448,16.0594
2005-07,21.5731,11.0948,4.2121,-32.0162,25.0945,16.3143
2005-08,21.3103,11.0115,2.9152,-32.3103,25.0931,16.1412
2005-09,19.7580,11.4369,-1.5724,-30.5757,25.3020,15.5760
2005-10,16.6460,12.6380,-8.4262,-25.2898,25.3443,14.6183
2005-11,13.0576,13.9986,-15.7373,-19.3703,25.1738,13.5019
2005-12,10.0850,15.5033,-19.5623,-12.3277,24.9491,12.7666
2006-01,8.6298,16.2239,-21.7760,-13.0239,24.9108,12.3982
2006-02,9.5354,16.1595,-21.3906,-17.7190,25.3572,12.8189
2006-03,11.4622,15.3888,-20.8715,-23.4988,25.6550,13.3977
2006-04,14.4403,14.1951,-14.5617,-28.1262,25.8673,14.2917
2006-05,17.6487,12.7791,-3.9782,-31.2371,25.6942,15.1899
2006-06,20.2679,11.9031,1.9557,-30.2604,25.4394,16.0641
2006-07,21.5092,10.9958,4.2041,-33.4093,25.0895,16.2323
2006-08,21.3905,11.0149,3.0728,-30.8977,25.0859,16.1826
2006-09,19.6385,11.3945,-0.8876,-31.6727,25.2756,15.4945
2006-10,16.6708,12.5473,-8.3761,-26.8405,25.5154,14.5843
2006-11,12.8517,14.1454,-15.8638,-18.4718,25.2662,13.4715
2006-12,10.3614,15.4177,-19.8668,-14.3295,25.0470,12.8608
2007-01,9.3496,16.3197,-22.0218,-12.5398,25.0465,12.8052
2007-02,9.5223,16.1714,-22.6680,-18.2952,25.4697,12.8175
2007-03,11.5021,15.3735,-20.3200,-23.5805,25.7451,13.4099
2007-04,14.8391,14.2827,-11.3676,-27.9912,26.0204,14.5354
2007-05,17.5802,13.1578,-5.7880,-28.1086,25.8939,15.3455
2007-06,20.0980,11.8629,2.2484,-29.2851,25.4189,15.9591
2007-07,21.4462,11.0632,4.6261,-31.1664,24.9802,16.2353
2007-08,21.3333,10.8905,3.5550,-32.5972,24.8741,16.0928
2007-09,19.5111,11.2440,-0.6568,-32.0336,25.1172,15.3565
2007-10,16.5688,12.3417,-7.1400,-27.5137,25.1001,14.4324
2007-11,12.7746,13.9400,-16.0737,-18.8411,24.9858,13.3317
2007-12,10.0044,15.2025,-19.4216,-14.1961,24.6988,12.5762
2008-01,8.2631,16.0217,-22.5155,-13.9360,24.5901,12.1139
2008-02,9.0471,15.8273,-22.4645,-19.0732,24.8442,12.4088
2008-03,11.7206,15.1893,-20.8971,-24.0242,25.4086,13.4279
2008-04,14.4431,14.0783,-13.8500,-27.2495,25.6749,14.2350
2008-05,17.5202,12.8397,-4.6474,-30.1583,25.6073,15.1564
2008-06,20.0498,11.5618,1.7460,-32.4759,25.2161,15.7845
2008-07,21.4079,11.0430,4.1313,-32.4210,24.9313,16.2055
2008-08,21.2828,10.8225,3.2921,-34.0021,25.0090,16.0326
2008-09,19.4287,11.4474,-0.8657,-31.1099,25.2780,15.4162
2008-10,16.5204,12.4949,-8.6038,-27.8949,25.4011,14.4835
2008-11,12.9194,13.9777,-16.5513,-19.5946,25.1808,13.4219
2008-12,9.9059,15.3930,-19.7639,-13.8038,24.8660,12.6215
2009-01,8.8442,16.2158,-20.9069,-13.1393,24.8436,12.5017
2009-02,9.3272,16.1196,-23.7617,-17.9292,25.2452,12.6948
2009-03,11.2405,15.3910,-21.4268,-23.9971,25.6271,13.2879
2009-04,14.4763,14.1797,-14.4333,-29.2710,26.0122,14.3016
2009-05,17.4506,13.1132,-5.1565,-29.0743,25.9029,15.2576
2009-06,20.1245,11.8938,1.6169,-30.8356,25.6045,15.9873
2009-07,21.4958,11.2779,4.3043,-30.1730,25.2634,16.3667
2009-08,21.3732,10.9810,3.2669,-33.0564,25.2871,16.1568
2009-09,19.7416,11.4033,-1.0374,-32.3988,25.5671,15.5501
2009-10,16.5438,12.5584,-8.0257,-27.1679,25.5863,14.5264
2009-11,12.8079,14.2698,-16.2379,-18.1175,25.4601,13.5114
2009-12,9.9032,15.6226,-19.8611,-13.6073,25.3074,12.7336
2010-01,8.8601,16.4710,-22.1133,-12.3161,25.3052,12.6357
2010-02,9.5301,16.4337,-22.3752,-17.0759,25.8035,12.9517
2010-03,11.7652,15.6488,-19.7742,-23.4990,26.1582,13.6781
2010-04,14.9223,14.3595,-11.9818,-29.0923,26.4370,14.6141
2010-05,17.8898,13.0787,-3.5928,-31.1077,26.2510,15.4600
2010-06,20.3383,11.8432,2.0914,-32.8125,25.6702,16.0695
2010-07,21.6759,10.9242,4.5842,-34.8883,25.0967,16.2809
2010-08,21.5633,10.7902,3.4982,-34.1374,25.0282,16.1577
2010-09,19.6063,11.5259,-0.6888,-31.1274,25.2245,15.5454
2010-10,16.6146,12.5575,-7.7984,-26.2760,25.3480,14.5628
2010-11,13.0964,13.9630,-15.6007,-19.4032,25.0700,13.5043
2010-12,9.7920,15.3904,-20.4933,-13.3670,24.6896,12.5638
2011-01,8.5645,16.1951,-21.1470,-12.7884,24.6076,12.3516
2011-02,9.1237,16.0409,-22.3494,-17.4376,25.0277,12.5536
2011-03,11.4673,15.2894,-17.8751,-23.8718,25.4795,13.3506
2011-04,14.5570,14.2455,-13.1549,-27.5423,25.7987,14.3753
2011-05,17.5785,12.9093,-4.7340,-30.6394,25.7511,15.2199
2011-06,20.2187,11.8309,2.2414,-31.3953,25.3961,16.0034
2011-07,21.5465,11.2369,4.6630,-30.4051,24.9796,16.3720
2011-08,21.4002,11.0834,3.5496,-30.5205,24.9796,16.2223
2011-09,19.6197,11.4102,-0.4781,-31.6476,25.1646,15.4937
2011-10,16.5802,12.4188,-7.9298,-26.5696,25.1690,14.4760
2011-11,12.5912,14.0131,-16.1180,-18.3874,24.9907,13.2759
2011-12,10.0139,15.2968,-19.5994,-13.8549,24.7215,12.6275
2012-01,8.5729,16.0380,-20.9113,-13.9192,24.7060,12.2765
2012-02,9.1201,16.0384,-20.5515,-17.7633,25.1052,12.5506
2012-03,11.2968,15.3053,-20.3353,-23.6322,25.5240,13.2729
2012-04,14.7725,14.1115,-13.1505,-29.2536,25.9084,14.4160
2012-05,17.8670,13.0505,-4.4183,-29.4587,25.8563,15.4351
2012-06,20.4238,11.8238,3.0174,-31.7372,25.4506,16.1023
2012-07,21.6833,10.8952,4.9940,-34.5846,25.0170,16.2692
2012-08,21.4372,10.9788,3.4272,-33.2582,25.0540,16.1879
2012-09,19.7364,11.4259,0.0018,-32.2101,25.3339,15.5593
2012-10,16.6316,12.7475,-7.3392,-25.8733,25.4843,14.6656
2012-11,12.9600,14.2267,-15.0290,-18.6971,25.4201,13.5664
2012-12,9.6850,15.6390,-19.8522,-12.7082,25.1294,12.6334
2013-01,8.7824,16.4533,-22.1315,-12.4120,25.1176,12.5888
2013-02,9.3263,16.2221,-24.5284,-18.2630,25.4512,12.7452
2013-03,11.4822,15.4413,-20.9069,-24.2643,25.9812,13.4331
2013-04,14.4450,14.2585,-13.2439,-28.9336,26.0782,14.3253
2013-05,17.6375,12.9761,-5.3473,-31.0569,25.9832,15.2831
2013-06,20.2379,11.9851,2.1933,-30.4797,25.4749,16.0904
2013-07,21.4993,10.9477,4.4782,-34.2938,25.0292,16.2039
2013-08,21.3889,10.9821,3.1533,-31.9705,24.9831,16.1662
2013-09,19.5597,11.7150,-1.2799,-28.6763,25.3210,15.6160
2013-10,16.4881,12.5557,-8.8000,-26.6489,25.3705,14.4978
2013-11,12.9963,14.0968,-16.8130,-18.8531,25.2564,13.5202
2013-12,10.0645,15.5761,-19.8850,-13.1497,24.9685,12.7921
2014-01,8.8451,16.3504,-22.6273,-12.8295,24.9486,12.5690
2014-02,9.2259,16.0997,-20.7350,-18.3862,25.1847,12.6338
2014-03,11.7480,15.3075,-18.1409,-25.1172,25.7588,13.4998
2014-04,14.7877,14.2073,-12.9318,-29.1544,26.1134,14.4712
2014-05,17.7362,13.2023,-5.0296,-29.1863,26.0463,15.4450
2014-06,20.3188,11.8356,1.8587,-32.3343,25.7316,16.0550
2014-07,21.6555,10.9741,4.4006,-34.0635,25.2422,16.2947
2014-08,21.5719,10.9620,3.3683,-32.2866,25.1224,16.2474
2014-09,19.6840,11.6209,-1.2450,-29.5416,25.4110,15.6308
2014-10,16.5963,12.6729,-8.4058,-26.5647,25.5487,14.6100
2014-11,12.7673,14.1307,-16.2546,-19.4540,25.4187,13.4216
2014-12,10.2687,15.4962,-20.5420,-14.3230,25.1289,12.8537
2015-01,9.0422,16.2849,-22.4748,-13.5045,24.9661,12.6345
2015-02,9.6304,16.2839,-22.6936,-17.6756,25.4483,12.9283
2015-03,11.8591,15.4726,-18.6289,-24.0451,25.8732,13.6378
2015-04,14.6890,14.2009,-12.8942,-29.1087,26.0752,14.4182
2015-05,17.8684,13.0574,-5.2509,-30.7220,26.1703,15.4382
2015-06,20.4567,11.9259,2.3153,-32.3870,25.8004,16.1692
2015-07,21.7242,11.0830,4.4954,-34.1476,25.4590,16.3826
2015-08,21.6768,11.0720,3.1123,-33.9427,25.5009,16.3537
2015-09,19.9669,11.5055,-0.8920,-32.9966,25.8249,15.7132
2015-10,16.9582,12.8676,-8.1237,-25.9328,26.0190,14.8876
2015-11,13.2430,14.3255,-15.6153,-19.1636,25.8078,13.7563
2015-12,10.6081,15.8603,-21.7756,-13.0349,25.5105,13.2047
2016-01,9.4722,16.5747,-19.0701,-13.5824,25.6077,12.9931
2016-02,10.3474,16.5461,-20.1817,-18.1961,25.9414,13.4173
2016-03,12.3928,15.7346,-18.5157,-24.6027,26.4691,14.0350
2016-04,15.2050,14.6303,-12.3040,-28.3013,26.6704,14.8912
2016-05,18.0456,13.3557,-3.7462,-28.7578,26.3768,15.6769
2016-06,20.6126,11.9181,2.8186,-33.1099,25.8429,16.2441
2016-07,21.8682,11.3490,5.2112,-32.2885,25.4148,16.5895
2016-08,21.7826,11.2814,3.8428,-31.0733,25.4326,16.5126
2016-09,20.0403,11.6100,0.1759,-31.6745,25.5454,15.8041
2016-10,16.7627,12.8607,-5.6714,-25.3252,25.6984,14.7880
2016-11,13.1725,14.4298,-12.9147,-17.4796,25.5305,13.7753
2016-12,10.3499,15.7071,-19.5243,-12.7684,25.2911,13.0007
2017-01,9.2957,16.4524,-20.8814,-12.7458,25.1825,12.8455
2017-02,10.0013,16.5135,-21.2358,-16.5625,25.4516,13.2290
2017-03,12.1098,15.7628,-17.8802,-22.8419,25.9904,13.9088
2017-04,14.9118,14.5204,-13.2167,-27.6409,26.2673,14.6899
2017-05,17.8025,13.5136,-5.4114,-28.1368,26.2498,15.6342
2017-06,20.3724,12.0406,1.8437,-32.4725,25.7765,16.1848
2017-07,21.7499,11.2787,4.3055,-33.4534,25.3715,16.4946
2017-08,21.6676,11.1864,3.4744,-33.3219,25.3722,16.4073
2017-09,19.8603,11.6337,-0.6564,-32.6957,25.5338,15.7259
2017-10,16.7757,12.8831,-7.4761,-25.3098,25.5953,14.8057
2017-11,13.0861,14.2024,-14.9021,-18.7535,25.2973,13.6184
2017-12,10.5541,15.5744,-18.2461,-13.7386,25.0443,13.0371
2018-01,9.0486,16.3728,-20.8390,-13.1376,24.8721,12.6827
2018-02,9.7944,16.2465,-18.9325,-17.7473,25.3246,12.9921
2018-03,11.7873,15.6322,-21.2861,-22.9694,25.8198,13.6823
2018-04,14.6781,14.7060,-13.3603,-25.9507,26.0127,14.6668
2018-05,17.7880,13.2857,-5.2426,-29.4613,25.9515,15.5134
2018-06,20.3460,12.1126,2.2730,-30.2175,25.5306,16.2079
2018-07,21.7146,11.3395,4.1806,-31.8488,25.2129,16.5073
2018-08,21.5218,11.1576,3.5889,-32.2095,25.1425,16.3198
2018-09,19.7537,11.5815,-0.5155,-31.9536,25.4421,15.6458
2018-10,16.9264,12.7247,-6.1459,-26.2177,25.6643,14.8010
2018-11,12.9465,14.3259,-16.0154,-18.7841,25.5897,13.6087
2018-12,10.2571,15.7926,-19.6632,-12.6802,25.2879,12.9962
2019-01,8.9855,16.5258,-23.8170,-13.2521,25.2908,12.7263
2019-02,9.5794,16.5554,-21.9199,-16.6144,25.6850,13.0379
2019-03,12.0822,15.8086,-18.6969,-22.9513,26.1155,13.9173
2019-04,14.9831,14.6677,-12.2261,-27.6002,26.4005,14.7989
2019-05,17.8988,13.3863,-3.7484,-30.0758,26.2994,15.6184
2019-06,20.5716,12.1744,2.8649,-31.8574,25.8866,16.3515
2019-07,21.8253,11.4654,4.7017,-30.8764,25.4160,16.6258
2019-08,21.7483,11.2254,4.1509,-31.2155,25.3293,16.4674
2019-09,20.1110,11.5817,0.0783,-31.5556,25.5574,15.8251
2019-10,17.0160,12.8301,-6.4878,-25.7975,25.6151,14.8995
2019-11,13.1866,14.4177,-14.9700,-18.3436,25.6597,13.7753
2019-12,10.5575,15.9081,-20.4223,-12.3899,25.4492,13.2047
2020-01,9.4932,16.6117,-22.6071,-12.5106,25.3651,13.0231
2020-02,10.2068,16.5090,-22.3999,-16.9982,25.7014,13.3286
2020-03,12.1615,15.6889,-20.5107,-24.1412,26.1711,13.8967
2020-04,15.0968,14.7196,-11.5478,-26.4099,26.4430,14.8819
2020-05,18.1160,13.3865,-3.7379,-28.6858,26.2738,15.7276
2020-06,20.5767,12.1510,3.0762,-30.7145,25.7929,16.3431
2020-07,21.8440,11.3032,5.0785,-30.9405,25.3114,16.5542
2020-08,21.7987,10.9962,4.3242,-33.3420,25.2875,16.3781
2020-09,20.0466,11.7538,0.1680,-29.9085,25.5018,15.8799
2020-10,17.0314,12.6600,-5.6962,-27.0972,25.5902,14.8223
2020-11,13.5500,14.3152,-12.4748,-18.1734,25.3632,13.9076
2020-12,10.3496,15.5062,-19.4008,-13.3177,25.0916,12.9002
2021-01,9.1827,16.2443,-21.8084,-13.6338,25.0365,12.6852
2021-02,9.5348,16.1026,-23.2180,-18.4625,25.2589,12.7897
2021-03,11.7340,15.5182,-21.7312,-22.8609,25.7465,13.5986
2021-04,14.8599,14.2965,-12.8313,-29.1852,26.0440,14.5522
2021-05,17.9895,13.0960,-4.1811,-30.5795,26.0187,15.5190
2021-06,20.5962,11.8378,2.5476,-32.6047,25.5909,16.1954
2021-07,21.8819,11.2773,4.3781,-31.7912,25.2716,16.5597
2021-08,21.7383,11.1459,3.8153,-32.6787,25.2853,16.4225
2021-09,19.9113,11.8265,-0.8710,-30.3890,25.5271,15.8477
2021-10,16.9883,12.7946,-7.1010,-25.9149,25.6204,14.8677
2021-11,13.2445,14.2406,-16.3611,-18.8139,25.4547,13.7165
2021-12,10.3112,15.7189,-21.0467,-12.6559,25.1555,12.9875
2022-01,9.0890,16.4062,-21.8697,-13.2183,25.0239,12.7192
2022-02,9.6617,16.3137,-21.7473,-16.8756,25.2729,12.9592
2022-03,12.0305,15.6304,-18.3472,-22.6365,25.8493,13.8030
2022-04,14.8667,14.4744,-14.2425,-27.6039,26.1122,14.6449
2022-05,17.8785,13.2030,-4.8407,-29.0033,25.9067,15.5174
2022-06,20.5205,12.1026,2.1414,-29.3493,25.4242,16.2908
2022-07,21.8630,11.3878,4.9316,-31.0507,25.0964,16.6063
2022-08,21.7791,11.0730,3.8593,-32.4306,25.0283,16.4071
2022-09,20.0548,11.5779,-0.2004,-31.2196,25.2819,15.7958
2022-10,17.0345,12.7222,-6.7534,-25.7980,25.3765,14.8553
2022-11,13.0966,14.0202,-15.9010,-19.8714,25.1489,13.5326
2022-12,10.3090,15.6178,-19.2871,-13.3611,25.0459,12.9360
2023-01,9.1564,16.2774,-22.9629,-13.8226,24.9357,12.6885
2023-02,9.7180,16.3836,-22.5583,-17.2384,25.3916,13.0221
2023-03,12.1488,15.7471,-19.9021,-22.4867,25.9136,13.9206
2023-04,14.6992,14.7180,-14.1119,-25.9007,26.2433,14.6822
2023-05,17.9851,13.3781,-4.9672,-30.6276,26.3326,15.6569
2023-06,20.7021,12.3698,2.2423,-30.2781,25.9665,16.5141
2023-07,22.3010,11.6461,5.1463,-31.4708,25.7086,16.9532
2023-08,22.3025,11.3805,4.5677,-33.6405,25.7753,16.8209
2023-09,20.6025,12.1956,0.1948,-28.5355,26.0633,16.3770
2023-10,17.6123,13.0297,-6.8722,-27.0952,26.2062,15.2962
2023-11,13.9080,14.5948,-14.4917,-18.7581,26.0623,14.2242
2023-12,11.0880,15.9908,-18.4879,-13.4638,25.8554,13.5103
2024-01,9.5844,16.7566,-22.2834,-13.5538,25.8475,13.1401
2024-02,10.3811,16.7584,-20.4933,-17.8386,26.1880,13.5397
2024-03,12.3261,16.0059,-20.3581,-23.0194,26.6444,14.1371
2024-04,15.4399,14.6771,-14.0101,-28.6033,26.8173,15.0319
2024-05,18.3200,13.5552,-4.7126,-28.9405,26.7001,15.9135
2024-06,20.9761,12.3803,2.5403,-30.4650,26.1249,16.6572
2024-07,22.2836,11.5708,4.6979,-30.8144,25.6252,16.9078
2024-08,22.1109,11.5724,4.2635,-29.9059,25.5403,16.8224
2024-09,20.4469,11.9439,0.4430,-31.2946,25.8482,16.1743
2024-10,17.4700,13.0674,-6.0069,-25.8030,25.9567,15.2453
2024-11,13.8465,14.4025,-14.2545,-19.7404,25.6721,14.0985
2024-12,10.9526,15.9499,-19.2125,-12.5286,25.4500,13.4239
2025-01,9.7453,16.7678,-21.9582,-11.9598,25.3401,13.2288
2025-02,10.1385,16.6314,-18.9843,-17.2149,25.7208,13.3568
2025-03,12.3290,15.8444,-18.7060,-23.5941,26.1922,14.0592
2025-04,15.2936,14.6835,-13.2459,-27.0703,26.3258,14.9628
2025-05,18.1425,13.4893,-4.1711,-29.0904,26.2399,15.7923
2025-06,20.6349,12.3212,2.0425,-29.5254,25.7104,16.4569
2025-07,22.0515,11.3433,4.8799,-32.5428,25.3148,16.6779
2025-08,21.9041,11.3366,4.3646,-31.2380,25.2410,16.6013
2025-09,20.2537,12.0045,0.0236,-28.7247,25.5621,16.1085
2025-10,17.1821,13.1470,-5.5704,-23.7405,25.6744,15.1415
2025-11,13.6743,14.4154,-14.5579,-17.5994,25.4538,14.0193
2025-12,10.5938,15.7646,-19.0727,-12.9573,25.1927,13.1518
2026-01,9.2956,16.6678,-20.6396,-12.5378,25.2480,12.9531
2026-02,10.0142,16.5651,-24.2246,-16.4869,25.5849,13.2612
2026-03,12.0308,15.9053,-19.5468,-21.7740,25.9898,13.9401
2026-04,15.0352,14.7877,-12.7918,-27.2298,26.3957,14.8853
2026-05,18.1926,13.4807,-4.6900,-29.0327,26.4211,15.8122
2026-06,20.8579,12.2686,2.8541,-31.6320,26.0230,16.5411
2026-07,22.3456,11.4958,5.1037,-32.7157,25.8135,16.8999
2026-08,22.3475,11.6082,4.2684,-30.9098,25.9723,16.9567
