year,maize,wheat,rice,soybeans
1961,1.942,1.089,1.869,1.129
1962,1.980,1.206,1.896,1.138
1963,2.031,1.132,2.057,1.156
1964,1.994,1.241,2.103,1.132
1965,2.124,1.215,2.035,1.228
1966,2.208,1.408,2.078,1.372
1967,2.424,1.339,2.175,1.349
1968,2.289,1.453,2.233,1.435
1969,2.421,1.417,2.254,1.452
1970,2.351,1.494,2.381,1.480
1971,2.653,1.625,2.362,1.519
1972,2.687,1.605,2.325,1.490
1973,2.722,1.684,2.452,1.585
1974,2.557,1.615,2.425,1.408
1975,2.813,1.570,2.519,1.657
1976,2.837,1.791,2.451,1.544
1977,2.967,1.672,2.572,1.756
1978,3.156,1.933,2.684,1.626
1979,3.385,1.852,2.659,1.749
1980,3.153,1.855,2.748,1.600
1981,3.493,1.880,2.827,1.754
1982,3.609,1.999,2.980,1.759
1983,2.945,2.126,3.137,1.620
1984,3.526,2.220,3.226,1.714
1985,3.720,2.172,3.257,1.906
1986,3.628,2.321,3.244,1.820
1987,3.486,2.290,3.265,1.905
1988,3.100,2.293,3.330,1.705
1989,3.619,2.373,3.454,1.829
1990,3.694,2.563,3.529,1.896
1991,3.700,2.452,3.532,1.873
1992,3.912,2.544,3.595,2.031
1993,3.630,2.537,3.623,1.936
1994,4.117,2.451,3.668,2.183
1995,3.806,2.511,3.655,2.031
1996,4.208,2.577,3.701,2.124
1997,4.154,2.714,3.812,2.157
1998,4.436,2.696,3.797,2.256
1999,4.427,2.755,3.907,2.190
2000,4.322,2.722,3.878,2.171
2001,4.478,2.751,3.951,2.306
2002,4.391,2.690,3.875,2.292
2003,4.462,2.719,3.945,2.280
2004,4.945,2.920,4.022,2.243
2005,4.820,2.854,4.081,2.317
2006,4.774,2.833,4.125,2.324
2007,4.981,2.823,4.211,2.437
2008,5.066,3.070,4.313,2.398
2009,5.153,3.049,4.333,2.248
2010,5.155,3.017,4.309,2.576
2011,5.137,3.161,4.452,2.521
2012,4.847,3.065,4.525,2.289
2013,5.434,3.267,4.513,2.499
2014,5.582,3.315,4.525,2.605
2015,5.524,3.340,4.556,2.675
2016,5.774,3.453,4.553,2.752
2017,5.751,3.523,4.585,2.858
2018,5.703,3.437,4.654,2.768
2019,5.802,3.558,4.687,2.718
2020,5.762,3.529,4.692,2.784
2021,5.830,3.570,4.745,2.873
2022,5.666,3.714,4.718,2.632
2023,5.867,3.633,4.764,2.696
2024,5.802,3.637,4.757,2.777
