year,total,coal,oil,gas,cement,flaring,other
1750,9.3,9.3,,,,,
1751,9.4,9.4,,,,,
1752,9.5,9.5,,,,,
1753,9.6,9.6,,,,,
1754,9.7,9.7,,,,,
1755,9.8,9.8,,,,,
1756,9.9,9.9,,,,,
1757,10.1,10.1,,,,,
1758,10.2,10.2,,,,,
1759,10.3,10.3,,,,,
1760,10.5,10.5,,,,,
1761,10.7,10.7,,,,,
1762,11.0,11.0,,,,,
1763,11.2,11.2,,,,,
1764,11.4,11.4,,,,,
1765,11.6,11.6,,,,,
1766,11.9,11.9,,,,,
1767,12.2,12.2,,,,,
1768,12.5,12.5,,,,,
1769,12.8,12.8,,,,,
1770,13.1,13.1,,,,,
1771,13.4,13.4,,,,,
1772,13.6,13.6,,,,,
1773,13.8,13.8,,,,,
1774,14.0,14.0,,,,,
1775,14.3,14.3,,,,,
1776,14.7,14.7,,,,,
1777,15.0,15.0,,,,,
1778,15.2,15.2,,,,,
1779,15.5,15.5,,,,,
1780,15.9,15.9,,,,,
1781,16.2,16.2,,,,,
1782,16.6,16.6,,,,,
1783,17.1,17.1,,,,,
1784,17.5,17.5,,,,,
1785,18.0,18.0,,,,,
1786,18.4,18.4,,,,,
1787,18.9,18.9,,,,,
1788,19.3,19.3,,,,,
1789,19.9,19.9,,,,,
1790,20.4,20.4,,,,,
1791,20.9,20.9,,,,,
1792,21.9,21.9,,,,,
1793,22.3,22.3,,,,,
1794,22.5,22.5,,,,,
1795,22.3,22.3,,,,,
1796,22.1,22.1,,,,,
1797,22.1,22.1,,,,,
1798,23.1,23.1,,,,,
1799,27.5,27.5,,,,,
1800,32.8,32.8,,,,,
1801,32.0,32.0,,,,,
1802,40.3,40.3,,,,,
1803,29.5,29.5,,,,,
1804,31.8,31.8,,,,,
1805,31.3,31.3,,,,,
1806,32.7,32.7,,,,,
1807,36.2,36.2,,,,,
1808,35.5,35.5,,,,,
1809,36.3,36.3,,,,,
1810,39.5,39.5,,,,,
1811,40.2,40.2,,,,,
1812,40.8,40.8,,,,,
1813,41.2,41.2,,,,,
1814,42.2,42.2,,,,,
1815,43.6,43.6,,,,,
1816,45.5,45.5,,,,,
1817,49.3,49.3,,,,,
1818,51.4,51.4,,,,,
1819,50.9,50.9,,,,,
1820,50.7,50.7,,,,,
1821,52.1,52.1,,,,,
1822,54.0,54.0,,,,,
1823,56.4,56.4,,,,,
1824,57.6,57.6,,,,,
1825,60.7,60.7,,,,,
1826,61.4,61.4,,,,,
1827,65.7,65.7,,,,,
1828,66.7,66.7,,,,,
1829,66.3,66.3,,,,,
1830,89.0,89.0,,,,,
1831,83.3,83.3,,,,,
1832,82.1,82.1,,,,,
1833,83.2,83.2,,,,,
1834,88.8,88.8,,,,,
1835,97.4,97.4,,,,,
1836,106.9,106.9,,,,,
1837,106.2,106.2,,,,,
1838,105.8,105.8,,,,,
1839,109.7,109.7,,,,,
1840,118.8,118.8,,,,,
1841,122.2,122.2,,,,,
1842,129.4,129.4,,,,,
1843,132.4,132.4,,,,,
1844,142.0,142.0,,,,,
1845,155.1,155.1,,,,,
1846,157.7,157.7,,,,,
1847,170.8,170.8,,,,,
1848,173.6,173.6,,,,,
1849,185.0,185.0,,,,,
1850,196.8,196.8,,,,,
1851,198.8,198.8,,,,,
1852,207.6,207.6,,,,,
1853,217.2,217.2,,,,,
1854,255.0,255.0,,,,,
1855,260.3,260.2,0.0,,,,
1856,278.2,278.2,0.0,,,,
1857,281.2,281.1,0.1,,,,
1858,285.5,285.5,0.1,,,,
1859,302.6,302.5,0.1,,,,
1860,332.3,332.0,0.3,,,,
1861,349.2,348.2,0.9,,,,
1862,356.0,354.6,1.4,,,,
1863,379.5,378.2,1.3,,,,
1864,409.5,408.4,1.1,,,,
1865,434.9,433.5,1.3,,,,
1866,449.1,447.1,2.0,,,,
1867,480.8,478.8,2.0,,,,
1868,494.5,492.2,2.3,,,,
1869,524.7,522.1,2.6,,,,
1870,536.1,533.0,3.1,,,,
1871,569.8,566.5,3.3,,,,
1872,631.0,627.3,3.7,,,,
1873,670.5,664.8,5.7,,,,
1874,628.7,622.4,6.2,,,,
1875,681.0,675.2,5.8,,,,
1876,690.6,684.0,6.5,,,,
1877,704.0,695.2,8.8,,,,
1878,709.6,699.6,10.0,,,,
1879,759.8,747.1,12.7,,,,
1880,858.2,842.7,15.4,,0.2,,
1881,888.2,870.7,17.2,,0.2,,
1882,938.2,918.8,18.9,0.2,0.3,,
1883,997.9,980.6,16.5,0.4,0.3,,
1884,1009.8,989.9,18.3,1.2,0.3,,
1885,1017.5,994.5,19.0,3.7,0.3,,
1886,1033.0,1003.1,21.8,7.7,0.4,,
1887,1084.3,1048.5,23.5,11.8,0.6,,
1888,1201.3,1159.4,24.6,16.8,0.5,,
1889,1202.1,1160.9,28.4,12.2,0.6,,
1890,1307.3,1260.3,34.6,11.7,0.7,,
1891,1369.6,1319.1,40.8,8.9,0.7,,
1892,1380.5,1331.8,40.2,7.8,0.7,,
1893,1363.2,1312.7,42.5,7.3,0.7,,
1894,1412.2,1363.1,41.7,6.7,0.7,,
1895,1496.0,1439.7,48.5,7.0,0.7,,
1896,1545.5,1485.2,52.6,6.8,0.8,,
1897,1618.4,1554.7,55.5,7.3,0.9,,
1898,1707.0,1640.3,57.2,8.5,1.0,,
1899,1864.4,1792.2,60.0,10.9,1.3,,
1900,1962.9,1882.6,67.3,11.5,1.4,,
1901,2025.6,1936.4,74.7,12.9,1.7,,
1902,2077.0,1980.3,80.8,13.7,2.2,,
1903,2264.6,2162.0,85.6,14.5,2.5,,
1904,2290.3,2174.4,96.1,15.2,2.7,,
1905,2440.6,2320.9,97.0,17.2,3.5,,
1906,2549.0,2425.4,97.9,19.0,4.5,,
1907,2904.9,2759.0,119.4,19.9,4.6,,
1908,2790.4,2635.3,128.8,19.7,4.8,,
1909,2907.1,2740.8,134.4,23.5,6.1,,
1910,3050.3,2871.8,144.1,24.9,7.1,,
1911,3097.2,2909.1,152.8,25.7,7.3,,
1912,3253.9,3058.5,157.2,28.3,7.6,,
1913,3524.8,3302.4,182.0,29.6,8.5,,
1914,3197.7,2971.2,186.0,30.1,8.1,,
1915,3148.0,2908.3,197.6,31.9,7.9,,
1916,3400.2,3135.5,215.2,38.4,8.4,,
1917,3556.5,3265.6,239.4,40.5,8.5,,
1918,3506.1,3215.9,245.0,36.5,6.5,,
1919,3041.1,2720.2,273.4,37.9,7.4,,
1920,3546.8,3132.6,361.0,41.7,9.1,,
1921,3115.0,2672.1,397.3,35.0,8.9,,
1922,3264.7,2773.4,438.3,40.1,10.4,,
1923,3703.0,3149.7,485.5,52.5,12.5,,
1924,3716.1,3156.0,484.2,59.7,13.6,,
1925,3740.6,3153.7,505.5,63.9,14.4,,
1926,3677.4,3084.0,506.5,69.1,14.7,,
1927,4012.9,3364.4,554.1,76.0,15.4,,
1928,3996.3,3307.6,567.6,82.6,35.6,,
1929,4288.2,3523.9,621.7,102.9,36.9,,
1930,3958.1,3216.3,599.8,104.2,35.6,,
1931,3539.3,2833.2,580.5,92.9,30.9,,
1932,3192.6,2522.4,556.0,88.2,24.7,,
1933,3362.7,2638.8,607.6,90.9,23.8,,
1934,3656.2,2880.5,643.6,102.0,28.5,,
1935,3835.7,2998.4,692.0,111.4,32.1,,
1936,4207.9,3287.7,753.4,125.5,38.7,,
1937,4496.7,3466.0,846.6,140.6,40.8,,
1938,4229.6,3230.6,822.8,135.5,38.5,,
1939,4470.1,3435.8,854.5,141.3,35.7,,
1940,4884.7,3795.5,901.0,153.5,31.4,,
1941,4999.1,3886.0,912.3,153.5,43.3,,
1942,4982.5,3910.6,863.5,166.0,38.4,,
1943,5075.3,3926.7,926.6,182.9,34.8,,
1944,5162.5,3869.1,1068.8,197.6,22.7,,
1945,4289.3,2999.9,1045.8,216.7,23.0,,
1946,4608.5,3236.0,1108.4,223.8,36.3,,
1947,5165.2,3623.2,1246.5,247.9,43.1,,
1948,5447.9,3740.7,1370.6,280.1,51.6,,
1949,5204.0,3547.3,1293.9,300.5,58.2,,
1950,5930.4,3880.0,1551.8,353.2,66.9,73.6,
1951,6381.7,4084.1,1720.2,416.2,75.8,79.9,
1952,6467.7,4030.1,1819.1,447.1,80.7,85.4,
1953,6651.0,4061.1,1938.1,474.5,89.5,81.3,
1954,6789.7,4053.7,2054.2,501.4,97.1,77.6,
1955,7444.1,4386.1,2299.5,547.2,107.4,96.8,
1956,7926.3,4608.3,2499.0,587.2,116.5,108.2,
1957,8186.0,4691.6,2612.1,646.7,122.5,106.4,
1958,8417.5,4761.5,2719.2,705.9,129.7,95.1,
1959,8855.1,4953.9,2897.7,758.3,145.2,91.7,
1960,9387.0,5158.3,3120.0,834.6,157.4,89.1,
1961,9415.0,4944.2,3309.1,882.1,164.1,86.2,
1962,9747.2,4928.6,3558.3,967.8,176.4,85.9,
1963,10266.8,5107.9,3803.7,1047.0,186.0,90.5,
1964,10824.5,5213.2,4104.3,1153.0,206.2,112.8,
1965,11310.6,5289.1,4409.4,1230.7,216.4,130.4,
1966,11862.6,5350.0,4758.9,1340.0,233.0,144.6,
1967,12237.4,5261.9,5074.5,1433.1,239.9,190.8,
1968,12905.3,5319.7,5528.2,1559.8,255.3,203.8,
1969,13761.8,5518.3,5978.5,1708.7,270.6,244.0,
1970,14899.1,5698.9,6799.0,1790.9,288.2,277.7,
1971,15503.9,5700.1,7201.0,1933.6,303.1,321.5,
1972,16224.6,5691.3,7764.7,2052.3,321.3,346.9,
1973,17077.3,5860.9,8219.7,2202.7,340.2,402.2,
1974,16997.9,5857.7,8099.3,2256.5,340.6,391.4,
1975,16988.5,6018.3,8005.1,2241.3,339.9,336.7,
1976,17862.5,6226.3,8475.6,2359.0,356.1,395.4,
1977,18358.0,6375.0,8767.4,2411.7,372.7,381.5,
1978,19024.7,6510.1,9133.7,2541.7,397.9,390.2,
1979,19508.6,6799.9,9224.3,2668.1,403.7,360.2,
1980,19409.8,6985.0,8912.5,2741.5,406.2,316.5,
1981,18879.8,6942.9,8483.4,2763.4,406.2,237.2,
1982,18729.7,7067.0,8276.3,2701.5,404.0,235.6,
1983,18901.8,7269.2,8214.7,2743.1,413.3,212.8,
1984,19457.2,7586.1,8238.7,2972.0,421.1,186.8,
1985,20144.9,8144.8,8247.6,3089.7,425.7,181.4,
1986,20438.0,8261.5,8490.6,3014.6,441.8,169.7,
1987,21106.2,8549.2,8579.3,3281.6,458.4,163.0,
1988,21918.8,8836.4,8889.3,3436.0,481.9,185.6,
1989,22200.2,8827.8,9037.4,3605.0,492.1,151.0,
1990,22732.1,8659.8,9196.4,3790.2,492.5,256.8,336.4
1991,23205.6,8574.1,9656.5,3851.5,504.7,272.2,346.6
1992,22520.4,8361.2,9154.7,3901.4,525.9,239.8,337.5
1993,22749.9,8470.0,9172.3,4007.8,549.6,232.4,317.7
1994,22974.6,8513.7,9196.2,4040.2,586.7,312.9,324.8
1995,23516.6,8758.4,9283.9,4196.8,620.2,324.4,332.9
1996,24233.5,8977.0,9562.1,4381.6,633.6,348.5,330.7
1997,24380.3,8927.3,9702.2,4395.1,658.8,350.8,346.1
1998,24295.7,8689.0,9822.0,4443.5,656.6,335.0,349.7
1999,24837.8,8809.1,10064.2,4586.2,688.0,328.4,361.9
2000,25511.5,9156.6,10211.6,4727.8,718.2,345.6,351.7
2001,25693.0,9208.4,10283.6,4771.7,750.7,334.1,344.5
2002,26265.3,9630.2,10269.4,4913.7,779.0,323.1,350.0
2003,27652.7,10466.6,10540.8,5096.2,857.4,343.4,348.2
2004,28610.0,10813.4,10924.6,5257.7,895.9,341.5,377.0
2005,29599.0,11498.5,11030.3,5376.3,966.8,346.6,380.5
2006,30594.2,12136.2,11142.9,5531.0,1047.3,346.6,390.1
2007,31499.3,12724.5,11184.3,5736.6,1126.2,342.3,385.4
2008,32049.7,13149.7,11143.3,5905.5,1137.4,333.7,380.1
2009,31513.0,13003.2,10899.6,5765.7,1170.6,328.6,345.3
2010,33317.7,13918.2,11253.7,6205.8,1251.8,339.7,348.4
2011,34480.0,14704.2,11310.1,6389.3,1344.7,356.3,375.3
2012,34954.7,14867.8,11432.7,6523.1,1377.4,374.1,379.7
2013,35275.8,14953.2,11516.6,6573.1,1441.3,382.0,409.6
2014,35465.7,15014.9,11561.8,6605.0,1492.5,383.8,407.8
2015,35403.5,14655.0,11770.0,6729.0,1440.7,381.2,427.6
2016,35392.8,14323.0,11900.3,6914.9,1476.1,371.5,407.1
2017,35974.6,14494.2,12085.3,7084.6,1499.9,384.2,426.4
2018,36734.0,14762.7,12142.8,7419.4,1546.8,404.0,458.2
2019,37086.6,14703.0,12325.9,7574.1,1615.7,432.4,435.5
2020,35158.2,14267.0,10932.3,7520.8,1624.1,400.0,414.0
2021,36866.9,14969.2,11513.2,7878.7,1666.9,402.2,436.6
2022,37527.8,15449.2,11914.9,7758.7,1578.7,398.9,427.3
2023,38094.0,15636.4,12278.2,7802.8,1540.3,411.3,425.0
2024,38598.6,15805.3,12470.6,8009.8,1472.8,415.7,424.4
