year,temp_c,sd_c
-2000,-30.32,0.84
-1999,-30.26,0.88
-1998,-30.20,0.93
-1997,-30.14,0.99
-1996,-30.11,0.98
-1995,-30.08,0.95
-1994,-30.05,0.93
-1993,-30.02,0.91
-1992,-29.99,0.89
-1991,-29.96,0.87
-1990,-29.93,0.85
-1989,-29.90,0.84
-1988,-29.87,0.83
-1987,-29.84,0.83
-1986,-29.80,0.82
-1985,-29.77,0.82
-1984,-29.74,0.82
-1983,-29.70,0.83
-1982,-29.67,0.84
-1981,-29.64,0.85
-1980,-29.60,0.86
-1979,-29.57,0.88
-1978,-29.53,0.90
-1977,-29.50,0.92
-1976,-29.46,0.94
-1975,-29.42,0.97
-1974,-29.39,1.00
-1973,-29.35,1.03
-1972,-29.32,1.06
-1971,-29.28,1.09
-1970,-29.30,1.08
-1969,-29.36,1.04
-1968,-29.42,1.00
-1967,-29.47,0.96
-1966,-29.53,0.92
-1965,-29.59,0.89
-1964,-29.65,0.87
-1963,-29.71,0.84
-1962,-29.77,0.83
-1961,-29.82,0.82
-1960,-29.88,0.81
-1959,-29.94,0.81
-1958,-30.00,0.81
-1957,-30.06,0.82
-1956,-30.12,0.84
-1955,-30.18,0.86
-1954,-30.25,0.89
-1953,-30.31,0.92
-1952,-30.35,0.92
-1951,-30.39,0.88
-1950,-30.43,0.85
-1949,-30.47,0.82
-1948,-30.50,0.79
-1947,-30.54,0.77
-1946,-30.58,0.76
-1945,-30.62,0.74
-1944,-30.66,0.73
-1943,-30.70,0.73
-1942,-30.74,0.73
-1941,-30.78,0.74
-1940,-30.83,0.75
-1939,-30.87,0.77
-1938,-30.91,0.79
-1937,-30.95,0.82
-1936,-31.00,0.85
-1935,-31.04,0.88
-1934,-31.09,0.92
-1933,-31.13,0.96
-1932,-31.11,0.95
-1931,-31.06,0.91
-1930,-31.00,0.88
-1929,-30.94,0.84
-1928,-30.89,0.82
-1927,-30.83,0.79
-1926,-30.77,0.78
-1925,-30.72,0.76
-1924,-30.66,0.75
-1923,-30.60,0.75
-1922,-30.55,0.75
-1921,-30.49,0.76
-1920,-30.43,0.77
-1919,-30.37,0.79
-1918,-30.32,0.81
-1917,-30.26,0.83
-1916,-30.20,0.87
-1915,-30.14,0.90
-1914,-30.07,0.94
-1913,-30.01,0.98
-1912,-29.95,1.03
-1911,-29.96,1.00
-1910,-30.01,0.93
-1909,-30.07,0.88
-1908,-30.12,0.83
-1907,-30.17,0.79
-1906,-30.23,0.78
-1905,-30.28,0.77
-1904,-30.33,0.78
-1903,-30.38,0.81
-1902,-30.43,0.85
-1901,-30.49,0.91
-1900,-30.54,0.97
-1899,-30.55,0.99
-1898,-30.53,0.96
-1897,-30.51,0.94
-1896,-30.49,0.92
-1895,-30.47,0.90
-1894,-30.45,0.89
-1893,-30.43,0.87
-1892,-30.41,0.86
-1891,-30.39,0.84
-1890,-30.38,0.83
-1889,-30.36,0.82
-1888,-30.34,0.81
-1887,-30.32,0.81
-1886,-30.30,0.80
-1885,-30.29,0.80
-1884,-30.27,0.80
-1883,-30.25,0.80
-1882,-30.23,0.80
-1881,-30.21,0.81
-1880,-30.19,0.81
-1879,-30.17,0.82
-1878,-30.15,0.83
-1877,-30.14,0.84
-1876,-30.12,0.85
-1875,-30.10,0.87
-1874,-30.08,0.88
-1873,-30.06,0.90
-1872,-30.04,0.92
-1871,-30.02,0.94
-1870,-30.00,0.97
-1869,-29.98,0.99
-1868,-29.96,1.01
-1867,-29.96,0.99
-1866,-29.98,0.93
-1865,-29.99,0.88
-1864,-30.01,0.84
-1863,-30.03,0.81
-1862,-30.05,0.80
-1861,-30.07,0.81
-1860,-30.08,0.83
-1859,-30.10,0.86
-1858,-30.12,0.91
-1857,-30.13,0.96
-1856,-30.15,1.03
-1855,-30.17,1.11
-1854,-30.19,1.10
-1853,-30.20,1.06
-1852,-30.22,1.02
-1851,-30.24,0.99
-1850,-30.26,0.96
-1849,-30.28,0.93
-1848,-30.29,0.91
-1847,-30.31,0.89
-1846,-30.33,0.88
-1845,-30.35,0.87
-1844,-30.37,0.86
-1843,-30.39,0.87
-1842,-30.41,0.87
-1841,-30.43,0.89
-1840,-30.45,0.90
-1839,-30.47,0.92
-1838,-30.49,0.95
-1837,-30.51,0.98
-1836,-30.51,0.98
-1835,-30.50,0.96
-1834,-30.49,0.94
-1833,-30.49,0.92
-1832,-30.48,0.90
-1831,-30.47,0.89
-1830,-30.46,0.88
-1829,-30.45,0.87
-1828,-30.44,0.86
-1827,-30.43,0.86
-1826,-30.43,0.86
-1825,-30.42,0.86
-1824,-30.41,0.87
-1823,-30.40,0.87
-1822,-30.39,0.88
-1821,-30.38,0.90
-1820,-30.38,0.91
-1819,-30.37,0.93
-1818,-30.36,0.95
-1817,-30.35,0.98
-1816,-30.34,1.00
-1815,-30.33,1.03
-1814,-30.32,1.06
-1813,-30.31,1.09
-1812,-30.30,1.12
-1811,-30.32,1.11
-1810,-30.35,1.07
-1809,-30.38,1.03
-1808,-30.42,1.00
-1807,-30.45,0.97
-1806,-30.48,0.94
-1805,-30.51,0.92
-1804,-30.55,0.90
-1803,-30.58,0.89
-1802,-30.61,0.88
-1801,-30.64,0.88
-1800,-30.68,0.88
-1799,-30.71,0.89
-1798,-30.74,0.90
-1797,-30.78,0.92
-1796,-30.81,0.95
-1795,-30.84,0.97
-1794,-30.88,1.01
-1793,-30.91,1.05
-1792,-30.92,1.03
-1791,-30.91,0.98
-1790,-30.90,0.93
-1789,-30.89,0.89
-1788,-30.88,0.85
-1787,-30.87,0.82
-1786,-30.85,0.79
-1785,-30.84,0.77
-1784,-30.83,0.76
-1783,-30.82,0.75
-1782,-30.81,0.75
-1781,-30.80,0.76
-1780,-30.79,0.77
-1779,-30.78,0.80
-1778,-30.77,0.82
-1777,-30.76,0.86
-1776,-30.75,0.90
-1775,-30.78,0.91
-1774,-30.83,0.90
-1773,-30.88,0.88
-1772,-30.93,0.87
-1771,-30.99,0.86
-1770,-31.04,0.85
-1769,-31.09,0.85
-1768,-31.14,0.84
-1767,-31.19,0.83
-1766,-31.25,0.83
-1765,-31.30,0.82
-1764,-31.35,0.81
-1763,-31.41,0.81
-1762,-31.46,0.81
-1761,-31.51,0.81
-1760,-31.57,0.80
-1759,-31.62,0.80
-1758,-31.67,0.80
-1757,-31.73,0.80
-1756,-31.78,0.81
-1755,-31.84,0.81
-1754,-31.90,0.81
-1753,-31.95,0.81
-1752,-32.01,0.82
-1751,-32.07,0.82
-1750,-32.13,0.83
-1749,-32.18,0.84
-1748,-32.24,0.84
-1747,-32.30,0.85
-1746,-32.36,0.86
-1745,-32.42,0.87
-1744,-32.48,0.88
-1743,-32.54,0.90
-1742,-32.60,0.91
-1741,-32.66,0.92
-1740,-32.72,0.94
-1739,-32.78,0.95
-1738,-32.85,0.97
-1737,-32.91,0.99
-1736,-32.97,1.00
-1735,-33.03,1.02
-1734,-33.10,1.04
-1733,-33.16,1.06
-1732,-33.22,1.08
-1731,-33.29,1.10
-1730,-30.54,0.91
-1729,-29.45,1.06
-1728,-29.60,1.00
-1727,-29.74,0.95
-1726,-29.87,0.90
-1725,-30.01,0.86
-1724,-30.14,0.83
-1723,-30.27,0.80
-1722,-30.40,0.78
-1721,-30.53,0.77
-1720,-30.65,0.77
-1719,-30.77,0.77
-1718,-30.89,0.79
-1717,-31.01,0.81
-1716,-31.13,0.84
-1715,-31.25,0.88
-1714,-31.37,0.92
-1713,-31.36,0.91
-1712,-31.29,0.88
-1711,-31.23,0.85
-1710,-31.16,0.82
-1709,-31.10,0.79
-1708,-31.04,0.78
-1707,-30.98,0.76
-1706,-30.91,0.75
-1705,-30.85,0.74
-1704,-30.79,0.74
-1703,-30.73,0.75
-1702,-30.67,0.76
-1701,-30.61,0.77
-1700,-30.55,0.79
-1699,-30.48,0.81
-1698,-30.42,0.84
-1697,-30.36,0.87
-1696,-30.30,0.91
-1695,-30.24,0.95
-1694,-30.17,0.99
-1693,-30.11,1.03
-1692,-30.08,1.02
-1691,-30.07,0.98
-1690,-30.06,0.95
-1689,-30.05,0.92
-1688,-30.04,0.89
-1687,-30.03,0.86
-1686,-30.02,0.84
-1685,-30.01,0.82
-1684,-29.99,0.81
-1683,-29.98,0.79
-1682,-29.97,0.79
-1681,-29.96,0.78
-1680,-29.94,0.78
-1679,-29.93,0.78
-1678,-29.92,0.79
-1677,-29.91,0.80
-1676,-29.89,0.81
-1675,-29.88,0.83
-1674,-29.87,0.86
-1673,-29.85,0.88
-1672,-29.84,0.91
-1671,-29.83,0.94
-1670,-29.82,0.98
-1669,-29.80,1.02
-1668,-29.82,1.02
-1667,-29.86,1.00
-1666,-29.89,0.98
-1665,-29.93,0.97
-1664,-29.96,0.95
-1663,-30.00,0.94
-1662,-30.03,0.93
-1661,-30.07,0.91
-1660,-30.10,0.90
-1659,-30.14,0.89
-1658,-30.18,0.88
-1657,-30.21,0.88
-1656,-30.25,0.87
-1655,-30.29,0.86
-1654,-30.32,0.86
-1653,-30.36,0.85
-1652,-30.40,0.85
-1651,-30.44,0.85
-1650,-30.48,0.85
-1649,-30.52,0.85
-1648,-30.56,0.85
-1647,-30.60,0.85
-1646,-30.64,0.86
-1645,-30.68,0.86
-1644,-30.72,0.87
-1643,-30.76,0.88
-1642,-30.80,0.89
-1641,-30.85,0.90
-1640,-30.89,0.91
-1639,-30.93,0.92
-1638,-30.98,0.94
-1637,-31.02,0.95
-1636,-31.07,0.97
-1635,-31.11,0.99
-1634,-31.16,1.01
-1633,-31.20,1.03
-1632,-31.25,1.05
-1631,-31.30,1.07
-1630,-31.26,1.04
-1629,-31.20,0.99
-1628,-31.14,0.95
-1627,-31.09,0.91
-1626,-31.03,0.88
-1625,-30.97,0.85
-1624,-30.91,0.83
-1623,-30.86,0.81
-1622,-30.80,0.80
-1621,-30.74,0.80
-1620,-30.69,0.80
-1619,-30.63,0.82
-1618,-30.57,0.83
-1617,-30.51,0.86
-1616,-30.45,0.89
-1615,-30.39,0.93
-1614,-30.33,0.97
-1613,-30.27,1.01
-1612,-30.21,1.07
-1611,-30.24,1.05
-1610,-30.31,1.01
-1609,-30.38,0.98
-1608,-30.45,0.94
-1607,-30.52,0.91
-1606,-30.59,0.89
-1605,-30.66,0.86
-1604,-30.73,0.84
-1603,-30.80,0.83
-1602,-30.86,0.82
-1601,-30.93,0.81
-1600,-31.00,0.81
-1599,-31.07,0.82
-1598,-31.14,0.83
-1597,-31.21,0.84
-1596,-31.28,0.86
-1595,-31.35,0.88
-1594,-31.42,0.91
-1593,-31.49,0.94
-1592,-31.57,0.98
-1591,-31.55,0.96
-1590,-31.49,0.93
-1589,-31.43,0.90
-1588,-31.37,0.87
-1587,-31.31,0.85
-1586,-31.25,0.84
-1585,-31.19,0.83
-1584,-31.13,0.82
-1583,-31.07,0.82
-1582,-31.02,0.83
-1581,-30.96,0.84
-1580,-30.90,0.86
-1579,-30.84,0.88
-1578,-30.78,0.90
-1577,-30.72,0.93
-1576,-30.66,0.97
-1575,-30.60,1.01
-1574,-30.54,1.05
-1573,-30.48,1.10
-1572,-30.42,1.15
-1571,-30.43,1.12
-1570,-30.47,1.06
-1569,-30.52,1.01
-1568,-30.56,0.97
-1567,-30.60,0.92
-1566,-30.65,0.89
-1565,-30.69,0.86
-1564,-30.73,0.84
-1563,-30.77,0.82
-1562,-30.81,0.81
-1561,-30.85,0.81
-1560,-30.89,0.82
-1559,-30.94,0.84
-1558,-30.98,0.86
-1557,-31.02,0.90
-1556,-31.06,0.93
-1555,-31.11,0.98
-1554,-31.15,1.03
-1553,-31.07,1.00
-1552,-30.93,0.93
-1551,-30.80,0.88
-1550,-30.66,0.83
-1549,-30.53,0.79
-1548,-30.40,0.76
-1547,-30.26,0.75
-1546,-30.13,0.74
-1545,-30.00,0.75
-1544,-29.86,0.77
-1543,-29.73,0.81
-1542,-29.59,0.85
-1541,-29.46,0.90
-1540,-29.32,0.96
-1539,-29.31,0.95
-1538,-29.34,0.92
-1537,-29.37,0.90
-1536,-29.39,0.87
-1535,-29.41,0.85
-1534,-29.44,0.83
-1533,-29.46,0.81
-1532,-29.48,0.80
-1531,-29.50,0.78
-1530,-29.52,0.78
-1529,-29.54,0.77
-1528,-29.56,0.76
-1527,-29.59,0.76
-1526,-29.61,0.76
-1525,-29.63,0.77
-1524,-29.65,0.78
-1523,-29.67,0.79
-1522,-29.69,0.80
-1521,-29.71,0.81
-1520,-29.73,0.83
-1519,-29.75,0.85
-1518,-29.78,0.88
-1517,-29.80,0.90
-1516,-29.82,0.93
-1515,-29.85,0.96
-1514,-29.87,0.99
-1513,-29.89,1.03
-1512,-29.94,1.01
-1511,-29.98,0.97
-1510,-30.03,0.94
-1509,-30.08,0.91
-1508,-30.13,0.89
-1507,-30.18,0.87
-1506,-30.23,0.86
-1505,-30.27,0.85
-1504,-30.32,0.85
-1503,-30.38,0.85
-1502,-30.43,0.86
-1501,-30.48,0.87
-1500,-30.53,0.89
-1499,-30.58,0.92
-1498,-30.63,0.94
-1497,-30.68,0.97
-1496,-30.74,1.01
-1495,-30.79,1.05
-1494,-30.85,1.09
-1493,-30.90,1.14
-1492,-30.87,1.12
-1491,-30.80,1.08
-1490,-30.73,1.04
-1489,-30.66,1.01
-1488,-30.60,0.98
-1487,-30.53,0.95
-1486,-30.46,0.93
-1485,-30.39,0.91
-1484,-30.33,0.90
-1483,-30.26,0.90
-1482,-30.19,0.90
-1481,-30.12,0.90
-1480,-30.05,0.91
-1479,-29.98,0.93
-1478,-29.91,0.95
-1477,-29.84,0.98
-1476,-29.77,1.01
-1475,-29.70,1.05
-1474,-29.62,1.03
-1473,-29.54,0.99
-1472,-29.45,0.94
-1471,-29.37,0.90
-1470,-29.28,0.87
-1469,-29.19,0.84
-1468,-29.10,0.82
-1467,-29.02,0.80
-1466,-28.93,0.79
-1465,-28.84,0.79
-1464,-28.75,0.79
-1463,-28.65,0.80
-1462,-28.56,0.82
-1461,-28.47,0.85
-1460,-28.37,0.88
-1459,-28.28,0.92
-1458,-28.18,0.96
-1457,-28.09,1.01
-1456,-28.13,1.01
-1455,-28.27,0.98
-1454,-28.40,0.95
-1453,-28.54,0.93
-1452,-28.67,0.91
-1451,-28.80,0.89
-1450,-28.94,0.88
-1449,-29.07,0.88
-1448,-29.21,0.88
-1447,-29.34,0.88
-1446,-29.48,0.89
-1445,-29.61,0.90
-1444,-29.75,0.92
-1443,-29.89,0.94
-1442,-30.03,0.97
-1441,-30.17,1.00
-1440,-30.31,1.03
-1439,-30.45,1.07
-1438,-30.60,1.11
-1437,-30.74,1.15
-1436,-30.89,1.20
-1435,-31.04,1.25
-1434,-31.02,1.24
-1433,-30.92,1.20
-1432,-30.83,1.17
-1431,-30.74,1.14
-1430,-30.65,1.11
-1429,-30.56,1.09
-1428,-30.47,1.06
-1427,-30.38,1.04
-1426,-30.30,1.02
-1425,-30.21,1.00
-1424,-30.12,0.99
-1423,-30.03,0.98
-1422,-29.94,0.97
-1421,-29.86,0.96
-1420,-29.77,0.96
-1419,-29.68,0.96
-1418,-29.58,0.97
-1417,-29.49,0.97
-1416,-29.40,0.98
-1415,-29.31,1.00
-1414,-29.21,1.01
-1413,-29.12,1.03
-1412,-29.02,1.06
-1411,-28.92,1.08
-1410,-28.82,1.11
-1409,-28.73,1.15
-1408,-28.63,1.18
-1407,-28.62,1.15
-1406,-28.64,1.10
-1405,-28.66,1.06
-1404,-28.67,1.02
-1403,-28.69,0.99
-1402,-28.71,0.96
-1401,-28.72,0.93
-1400,-28.73,0.91
-1399,-28.75,0.89
-1398,-28.76,0.88
-1397,-28.78,0.88
-1396,-28.79,0.88
-1395,-28.80,0.89
-1394,-28.82,0.90
-1393,-28.83,0.92
-1392,-28.85,0.95
-1391,-28.86,0.98
-1390,-28.87,1.02
-1389,-28.89,1.06
-1388,-28.89,1.05
-1387,-28.88,1.01
-1386,-28.87,0.97
-1385,-28.87,0.93
-1384,-28.86,0.90
-1383,-28.85,0.87
-1382,-28.85,0.84
-1381,-28.84,0.82
-1380,-28.83,0.80
-1379,-28.83,0.78
-1378,-28.82,0.77
-1377,-28.82,0.76
-1376,-28.81,0.75
-1375,-28.81,0.75
-1374,-28.80,0.76
-1373,-28.80,0.77
-1372,-28.79,0.78
-1371,-28.79,0.80
-1370,-28.78,0.82
-1369,-28.78,0.85
-1368,-28.77,0.88
-1367,-28.77,0.91
-1366,-28.76,0.95
-1365,-28.76,0.99
-1364,-28.79,0.97
-1363,-28.84,0.93
-1362,-28.89,0.88
-1361,-28.93,0.85
-1360,-28.98,0.82
-1359,-29.03,0.79
-1358,-29.08,0.77
-1357,-29.13,0.75
-1356,-29.18,0.74
-1355,-29.23,0.74
-1354,-29.28,0.74
-1353,-29.33,0.75
-1352,-29.38,0.77
-1351,-29.43,0.79
-1350,-29.49,0.82
-1349,-29.54,0.86
-1348,-29.59,0.90
-1347,-29.64,0.95
-1346,-29.70,0.99
-1345,-29.75,1.05
-1344,-29.74,1.04
-1343,-29.69,1.00
-1342,-29.64,0.96
-1341,-29.59,0.93
-1340,-29.55,0.90
-1339,-29.50,0.87
-1338,-29.46,0.85
-1337,-29.41,0.84
-1336,-29.36,0.82
-1335,-29.32,0.82
-1334,-29.27,0.81
-1333,-29.23,0.82
-1332,-29.18,0.83
-1331,-29.13,0.84
-1330,-29.09,0.86
-1329,-29.04,0.88
-1328,-28.99,0.91
-1327,-28.94,0.94
-1326,-28.89,0.98
-1325,-28.84,1.02
-1324,-28.79,1.06
-1323,-28.86,1.02
-1322,-28.98,0.95
-1321,-29.10,0.89
-1320,-29.22,0.83
-1319,-29.34,0.79
-1318,-29.46,0.75
-1317,-29.58,0.73
-1316,-29.69,0.72
-1315,-29.81,0.72
-1314,-29.93,0.74
-1313,-30.05,0.77
-1312,-30.17,0.81
-1311,-30.29,0.87
-1310,-30.42,0.93
-1309,-30.43,0.92
-1308,-30.39,0.88
-1307,-30.35,0.84
-1306,-30.32,0.81
-1305,-30.28,0.78
-1304,-30.25,0.75
-1303,-30.21,0.73
-1302,-30.18,0.71
-1301,-30.15,0.69
-1300,-30.12,0.69
-1299,-30.08,0.68
-1298,-30.05,0.69
-1297,-30.02,0.70
-1296,-29.99,0.71
-1295,-29.95,0.73
-1294,-29.92,0.76
-1293,-29.89,0.79
-1292,-29.85,0.82
-1291,-29.82,0.86
-1290,-29.78,0.90
-1289,-29.75,0.94
-1288,-29.76,0.95
-1287,-29.79,0.93
-1286,-29.82,0.92
-1285,-29.85,0.90
-1284,-29.88,0.89
-1283,-29.91,0.87
-1282,-29.94,0.86
-1281,-29.97,0.85
-1280,-30.00,0.84
-1279,-30.03,0.84
-1278,-30.06,0.83
-1277,-30.09,0.82
-1276,-30.12,0.82
-1275,-30.15,0.82
-1274,-30.18,0.82
-1273,-30.22,0.82
-1272,-30.25,0.82
-1271,-30.28,0.83
-1270,-30.31,0.83
-1269,-30.34,0.84
-1268,-30.37,0.85
-1267,-30.40,0.86
-1266,-30.44,0.87
-1265,-30.47,0.89
-1264,-30.50,0.90
-1263,-30.53,0.92
-1262,-30.57,0.94
-1261,-30.60,0.96
-1260,-30.64,0.98
-1259,-30.67,1.00
-1258,-30.70,1.03
-1257,-30.74,1.05
-1256,-30.77,1.08
-1255,-30.81,1.10
-1254,-30.84,1.13
-1253,-30.88,1.16
-1252,-30.91,1.19
-1251,-30.94,1.14
-1250,-30.96,1.01
-1249,-30.98,0.92
-1248,-31.00,0.85
-1247,-31.03,0.83
-1246,-31.05,0.86
-1245,-31.07,0.93
-1244,-31.07,0.95
-1243,-31.06,0.90
-1242,-31.04,0.85
-1241,-31.03,0.81
-1240,-31.01,0.77
-1239,-31.00,0.74
-1238,-30.98,0.72
-1237,-30.97,0.71
-1236,-30.95,0.71
-1235,-30.94,0.72
-1234,-30.92,0.73
-1233,-30.91,0.76
-1232,-30.89,0.79
-1231,-30.88,0.83
-1230,-30.86,0.87
-1229,-30.84,0.92
-1228,-30.83,0.98
-1227,-30.81,1.04
-1226,-30.78,1.03
-1225,-30.75,0.99
-1224,-30.71,0.95
-1223,-30.67,0.92
-1222,-30.64,0.89
-1221,-30.60,0.87
-1220,-30.56,0.85
-1219,-30.52,0.83
-1218,-30.49,0.82
-1217,-30.45,0.82
-1216,-30.41,0.82
-1215,-30.37,0.83
-1214,-30.33,0.84
-1213,-30.29,0.86
-1212,-30.25,0.88
-1211,-30.21,0.91
-1210,-30.17,0.94
-1209,-30.13,0.98
-1208,-30.09,1.02
-1207,-30.04,1.06
-1206,-30.00,1.05
-1205,-29.96,1.01
-1204,-29.91,0.98
-1203,-29.87,0.94
-1202,-29.83,0.91
-1201,-29.78,0.89
-1200,-29.74,0.86
-1199,-29.69,0.84
-1198,-29.65,0.82
-1197,-29.60,0.81
-1196,-29.55,0.80
-1195,-29.51,0.79
-1194,-29.46,0.79
-1193,-29.41,0.79
-1192,-29.36,0.79
-1191,-29.32,0.81
-1190,-29.27,0.82
-1189,-29.22,0.84
-1188,-29.17,0.86
-1187,-29.12,0.89
-1186,-29.07,0.92
-1185,-29.02,0.95
-1184,-29.05,0.95
-1183,-29.14,0.92
-1182,-29.23,0.89
-1181,-29.32,0.87
-1180,-29.41,0.85
-1179,-29.50,0.84
-1178,-29.58,0.83
-1177,-29.67,0.82
-1176,-29.76,0.82
-1175,-29.85,0.82
-1174,-29.94,0.83
-1173,-30.03,0.84
-1172,-30.12,0.86
-1171,-30.21,0.88
-1170,-30.30,0.90
-1169,-30.39,0.93
-1168,-30.49,0.96
-1167,-30.58,0.99
-1166,-30.68,1.03
-1165,-30.78,1.07
-1164,-30.87,1.11
-1163,-30.85,1.07
-1162,-30.75,0.98
-1161,-30.65,0.90
-1160,-30.55,0.84
-1159,-30.45,0.79
-1158,-30.36,0.75
-1157,-30.26,0.74
-1156,-30.16,0.76
-1155,-30.07,0.79
-1154,-29.97,0.85
-1153,-29.87,0.92
-1152,-29.82,0.93
-1151,-29.78,0.89
-1150,-29.75,0.86
-1149,-29.72,0.83
-1148,-29.69,0.81
-1147,-29.65,0.78
-1146,-29.62,0.77
-1145,-29.58,0.75
-1144,-29.55,0.74
-1143,-29.51,0.73
-1142,-29.47,0.72
-1141,-29.44,0.72
-1140,-29.40,0.72
-1139,-29.36,0.73
-1138,-29.32,0.73
-1137,-29.28,0.75
-1136,-29.24,0.76
-1135,-29.20,0.78
-1134,-29.16,0.81
-1133,-29.12,0.83
-1132,-29.08,0.86
-1131,-29.04,0.89
-1130,-28.99,0.93
-1129,-28.98,0.93
-1128,-29.00,0.87
-1127,-29.02,0.82
-1126,-29.04,0.78
-1125,-29.06,0.74
-1124,-29.08,0.71
-1123,-29.10,0.68
-1122,-29.12,0.67
-1121,-29.14,0.66
-1120,-29.16,0.66
-1119,-29.18,0.67
-1118,-29.20,0.69
-1117,-29.22,0.72
-1116,-29.24,0.76
-1115,-29.26,0.80
-1114,-29.28,0.85
-1113,-29.30,0.91
-1112,-29.32,0.97
-1111,-29.38,0.97
-1110,-29.47,0.93
-1109,-29.56,0.89
-1108,-29.65,0.86
-1107,-29.74,0.83
-1106,-29.83,0.81
-1105,-29.92,0.80
-1104,-30.01,0.79
-1103,-30.11,0.79
-1102,-30.20,0.79
-1101,-30.29,0.80
-1100,-30.39,0.82
-1099,-30.49,0.85
-1098,-30.58,0.88
-1097,-30.68,0.91
-1096,-30.78,0.95
-1095,-30.88,1.00
-1094,-30.98,1.05
-1093,-31.01,1.03
-1092,-31.00,0.96
-1091,-31.00,0.90
-1090,-30.99,0.85
-1089,-30.99,0.81
-1088,-30.98,0.78
-1087,-30.98,0.77
-1086,-30.97,0.77
-1085,-30.97,0.79
-1084,-30.97,0.82
-1083,-30.97,0.86
-1082,-30.96,0.92
-1081,-30.96,0.98
-1080,-30.97,0.99
-1079,-30.98,0.95
-1078,-31.00,0.91
-1077,-31.01,0.88
-1076,-31.03,0.85
-1075,-31.04,0.82
-1074,-31.05,0.80
-1073,-31.07,0.79
-1072,-31.08,0.78
-1071,-31.09,0.77
-1070,-31.11,0.78
-1069,-31.12,0.78
-1068,-31.13,0.79
-1067,-31.15,0.81
-1066,-31.16,0.83
-1065,-31.17,0.86
-1064,-31.19,0.89
-1063,-31.20,0.92
-1062,-31.21,0.96
-1061,-31.22,1.00
-1060,-31.24,1.05
-1059,-31.22,1.04
-1058,-31.18,1.00
-1057,-31.15,0.96
-1056,-31.12,0.93
-1055,-31.08,0.90
-1054,-31.05,0.87
-1053,-31.01,0.84
-1052,-30.97,0.82
-1051,-30.94,0.81
-1050,-30.90,0.80
-1049,-30.87,0.79
-1048,-30.83,0.79
-1047,-30.79,0.79
-1046,-30.76,0.80
-1045,-30.72,0.82
-1044,-30.68,0.84
-1043,-30.64,0.86
-1042,-30.60,0.89
-1041,-30.56,0.92
-1040,-30.52,0.96
-1039,-30.48,1.00
-1038,-30.44,1.04
-1037,-30.34,1.03
-1036,-30.22,0.99
-1035,-30.10,0.96
-1034,-29.97,0.93
-1033,-29.85,0.90
-1032,-29.72,0.87
-1031,-29.60,0.85
-1030,-29.47,0.83
-1029,-29.34,0.81
-1028,-29.22,0.80
-1027,-29.09,0.79
-1026,-28.96,0.79
-1025,-28.82,0.79
-1024,-28.69,0.79
-1023,-28.56,0.80
-1022,-28.43,0.81
-1021,-28.29,0.83
-1020,-28.15,0.85
-1019,-28.02,0.88
-1018,-27.88,0.90
-1017,-27.74,0.94
-1016,-27.60,0.97
-1015,-27.46,1.01
-1014,-27.32,1.05
-1013,-27.17,1.09
-1012,-27.22,1.09
-1011,-27.40,1.05
-1010,-27.58,1.01
-1009,-27.76,0.98
-1008,-27.94,0.95
-1007,-28.11,0.93
-1006,-28.29,0.90
-1005,-28.47,0.88
-1004,-28.64,0.87
-1003,-28.82,0.86
-1002,-29.00,0.85
-1001,-29.18,0.84
-1000,-29.36,0.85
-999,-29.54,0.85
-998,-29.72,0.86
-997,-29.91,0.87
-996,-30.10,0.89
-995,-30.29,0.92
-994,-30.48,0.94
-993,-30.67,0.97
-992,-30.86,1.01
-991,-31.06,1.04
-990,-31.26,1.08
-989,-31.46,1.13
-988,-31.66,1.17
-987,-31.61,1.15
-986,-31.41,1.09
-985,-31.20,1.04
-984,-31.00,1.00
-983,-30.80,0.97
-982,-30.60,0.95
-981,-30.40,0.95
-980,-30.20,0.95
-979,-30.00,0.98
-978,-29.80,1.01
-977,-29.61,1.05
-976,-29.40,1.11
-975,-29.38,1.09
-974,-29.42,1.03
-973,-29.47,0.98
-972,-29.51,0.94
-971,-29.55,0.90
-970,-29.59,0.88
-969,-29.63,0.86
-968,-29.67,0.84
-967,-29.70,0.84
-966,-29.74,0.85
-965,-29.77,0.86
-964,-29.81,0.89
-963,-29.84,0.92
-962,-29.88,0.96
-961,-29.91,1.00
-960,-29.95,1.06
-959,-29.96,1.05
-958,-29.95,1.02
-957,-29.95,0.99
-956,-29.95,0.96
-955,-29.95,0.93
-954,-29.95,0.91
-953,-29.95,0.89
-952,-29.95,0.88
-951,-29.95,0.87
-950,-29.94,0.86
-949,-29.94,0.86
-948,-29.94,0.86
-947,-29.94,0.86
-946,-29.94,0.87
-945,-29.94,0.88
-944,-29.94,0.89
-943,-29.94,0.91
-942,-29.94,0.93
-941,-29.94,0.96
-940,-29.94,0.99
-939,-29.94,1.02
-938,-30.00,1.01
-937,-30.08,0.97
-936,-30.16,0.94
-935,-30.24,0.92
-934,-30.32,0.90
-933,-30.40,0.88
-932,-30.48,0.87
-931,-30.56,0.86
-930,-30.64,0.86
-929,-30.72,0.86
-928,-30.80,0.86
-927,-30.88,0.87
-926,-30.96,0.89
-925,-31.05,0.91
-924,-31.13,0.94
-923,-31.22,0.97
-922,-31.30,1.00
-921,-31.39,1.04
-920,-31.47,1.08
-919,-31.56,1.12
-918,-31.65,1.17
-917,-31.66,1.16
-916,-31.64,1.14
-915,-31.62,1.12
-914,-31.60,1.09
-913,-31.58,1.07
-912,-31.57,1.05
-911,-31.55,1.03
-910,-31.53,1.01
-909,-31.52,0.99
-908,-31.50,0.97
-907,-31.48,0.96
-906,-31.47,0.94
-905,-31.45,0.92
-904,-31.43,0.91
-903,-31.42,0.90
-902,-31.40,0.89
-901,-31.38,0.88
-900,-31.36,0.87
-899,-31.35,0.86
-898,-31.33,0.86
-897,-31.31,0.85
-896,-31.29,0.85
-895,-31.27,0.85
-894,-31.25,0.85
-893,-31.23,0.86
-892,-31.21,0.86
-891,-31.19,0.87
-890,-31.16,0.88
-889,-31.14,0.89
-888,-31.12,0.90
-887,-31.10,0.91
-886,-31.08,0.93
-885,-31.05,0.95
-884,-31.03,0.97
-883,-31.01,0.99
-882,-30.98,1.01
-881,-30.96,1.04
-880,-30.93,1.07
-879,-30.91,1.09
-878,-30.93,1.04
-877,-30.96,0.98
-876,-30.99,0.92
-875,-31.03,0.88
-874,-31.06,0.85
-873,-31.09,0.84
-872,-31.12,0.84
-871,-31.15,0.85
-870,-31.18,0.89
-869,-31.22,0.93
-868,-31.25,0.99
-867,-31.28,1.06
-866,-31.31,1.13
-865,-31.30,1.10
-864,-31.28,1.05
-863,-31.26,1.00
-862,-31.24,0.96
-861,-31.22,0.92
-860,-31.20,0.89
-859,-31.18,0.86
-858,-31.16,0.84
-857,-31.14,0.83
-856,-31.12,0.82
-855,-31.10,0.83
-854,-31.08,0.84
-853,-31.06,0.85
-852,-31.04,0.88
-851,-31.01,0.91
-850,-30.99,0.95
-849,-30.97,0.99
-848,-30.94,0.97
-847,-30.91,0.94
-846,-30.88,0.91
-845,-30.85,0.88
-844,-30.82,0.85
-843,-30.78,0.83
-842,-30.75,0.81
-841,-30.72,0.80
-840,-30.68,0.78
-839,-30.65,0.77
-838,-30.62,0.76
-837,-30.58,0.75
-836,-30.55,0.75
-835,-30.51,0.75
-834,-30.48,0.75
-833,-30.44,0.76
-832,-30.41,0.77
-831,-30.37,0.78
-830,-30.34,0.80
-829,-30.30,0.82
-828,-30.26,0.84
-827,-30.23,0.86
-826,-30.19,0.89
-825,-30.15,0.92
-824,-30.11,0.95
-823,-30.14,0.92
-822,-30.18,0.87
-821,-30.22,0.83
-820,-30.26,0.79
-819,-30.30,0.76
-818,-30.34,0.73
-817,-30.38,0.71
-816,-30.43,0.69
-815,-30.47,0.68
-814,-30.51,0.68
-813,-30.55,0.68
-812,-30.59,0.69
-811,-30.63,0.71
-810,-30.67,0.73
-809,-30.71,0.76
-808,-30.75,0.80
-807,-30.80,0.84
-806,-30.84,0.88
-805,-30.85,0.87
-804,-30.85,0.83
-803,-30.86,0.80
-802,-30.86,0.78
-801,-30.86,0.76
-800,-30.86,0.74
-799,-30.86,0.73
-798,-30.87,0.73
-797,-30.87,0.74
-796,-30.87,0.75
-795,-30.88,0.76
-794,-30.88,0.79
-793,-30.88,0.81
-792,-30.89,0.85
-791,-30.89,0.88
-790,-30.90,0.93
-789,-30.90,0.97
-788,-30.90,1.02
-787,-30.91,1.07
-786,-30.91,1.13
-785,-30.92,1.18
-784,-30.80,1.14
-783,-30.66,1.07
-782,-30.52,1.01
-781,-30.38,0.95
-780,-30.23,0.90
-779,-30.09,0.86
-778,-29.95,0.82
-777,-29.80,0.79
-776,-29.66,0.77
-775,-29.52,0.76
-774,-29.37,0.76
-773,-29.22,0.78
-772,-29.08,0.80
-771,-28.93,0.83
-770,-28.78,0.88
-769,-28.63,0.93
-768,-28.73,0.91
-767,-28.89,0.88
-766,-29.05,0.85
-765,-29.22,0.83
-764,-29.38,0.81
-763,-29.54,0.79
-762,-29.70,0.78
-761,-29.86,0.78
-760,-30.02,0.78
-759,-30.18,0.78
-758,-30.33,0.79
-757,-30.50,0.81
-756,-30.66,0.82
-755,-30.82,0.85
-754,-30.99,0.87
-753,-31.15,0.90
-752,-31.32,0.94
-751,-31.49,0.98
-750,-31.65,1.02
-749,-31.83,1.06
-748,-31.89,1.03
-747,-31.94,0.98
-746,-31.99,0.94
-745,-32.03,0.90
-744,-32.08,0.87
-743,-32.13,0.84
-742,-32.18,0.81
-741,-32.23,0.79
-740,-32.29,0.78
-739,-32.34,0.78
-738,-32.40,0.78
-737,-32.45,0.79
-736,-32.51,0.80
-735,-32.57,0.82
-734,-32.62,0.85
-733,-32.68,0.89
-732,-32.74,0.93
-731,-32.80,0.97
-730,-32.86,1.02
-729,-32.82,1.01
-728,-32.73,0.97
-727,-32.65,0.94
-726,-32.57,0.91
-725,-32.48,0.89
-724,-32.40,0.86
-723,-32.32,0.84
-722,-32.23,0.82
-721,-32.15,0.81
-720,-32.07,0.80
-719,-31.98,0.79
-718,-31.90,0.79
-717,-31.81,0.79
-716,-31.73,0.79
-715,-31.64,0.80
-714,-31.55,0.82
-713,-31.46,0.83
-712,-31.37,0.85
-711,-31.28,0.87
-710,-31.19,0.90
-709,-31.10,0.93
-708,-31.01,0.96
-707,-30.91,1.00
-706,-30.82,1.03
-705,-30.72,1.07
-704,-30.62,1.11
-703,-30.58,1.09
-702,-30.56,1.05
-701,-30.54,1.01
-700,-30.52,0.96
-699,-30.49,0.93
-698,-30.47,0.90
-697,-30.44,0.87
-696,-30.42,0.85
-695,-30.39,0.83
-694,-30.37,0.82
-693,-30.34,0.81
-692,-30.31,0.81
-691,-30.28,0.81
-690,-30.26,0.82
-689,-30.23,0.84
-688,-30.20,0.86
-687,-30.17,0.89
-686,-30.14,0.92
-685,-30.12,0.96
-684,-30.09,1.00
-683,-30.06,1.05
-682,-30.03,1.04
-681,-30.01,1.01
-680,-29.99,0.98
-679,-29.97,0.95
-678,-29.95,0.93
-677,-29.93,0.91
-676,-29.91,0.89
-675,-29.89,0.87
-674,-29.87,0.86
-673,-29.84,0.86
-672,-29.82,0.85
-671,-29.80,0.85
-670,-29.78,0.86
-669,-29.76,0.86
-668,-29.74,0.87
-667,-29.71,0.89
-666,-29.69,0.91
-665,-29.67,0.93
-664,-29.65,0.95
-663,-29.63,0.98
-662,-29.61,1.01
-661,-29.58,1.04
-660,-29.56,1.08
-659,-29.54,1.12
-658,-29.56,1.11
-657,-29.59,1.09
-656,-29.62,1.07
-655,-29.65,1.05
-654,-29.68,1.04
-653,-29.71,1.02
-652,-29.74,1.00
-651,-29.77,0.99
-650,-29.80,0.97
-649,-29.83,0.96
-648,-29.86,0.94
-647,-29.89,0.93
-646,-29.92,0.92
-645,-29.96,0.91
-644,-29.99,0.90
-643,-30.02,0.89
-642,-30.05,0.88
-641,-30.09,0.87
-640,-30.12,0.86
-639,-30.15,0.85
-638,-30.19,0.84
-637,-30.22,0.84
-636,-30.26,0.84
-635,-30.29,0.83
-634,-30.33,0.83
-633,-30.36,0.83
-632,-30.40,0.83
-631,-30.44,0.83
-630,-30.48,0.83
-629,-30.51,0.84
-628,-30.55,0.84
-627,-30.59,0.85
-626,-30.63,0.86
-625,-30.67,0.86
-624,-30.71,0.88
-623,-30.75,0.89
-622,-30.79,0.90
-621,-30.83,0.91
-620,-30.87,0.93
-619,-30.81,0.90
-618,-30.73,0.87
-617,-30.65,0.85
-616,-30.57,0.82
-615,-30.48,0.80
-614,-30.40,0.79
-613,-30.32,0.78
-612,-30.24,0.77
-611,-30.16,0.78
-610,-30.08,0.78
-609,-29.99,0.79
-608,-29.91,0.81
-607,-29.83,0.83
-606,-29.74,0.86
-605,-29.66,0.89
-604,-29.57,0.92
-603,-29.49,0.96
-602,-29.40,1.00
-601,-29.31,1.05
-600,-29.22,1.10
-599,-29.19,1.08
-598,-29.19,1.04
-597,-29.18,1.01
-596,-29.18,0.98
-595,-29.17,0.95
-594,-29.16,0.94
-593,-29.16,0.92
-592,-29.15,0.92
-591,-29.14,0.92
-590,-29.13,0.93
-589,-29.12,0.95
-588,-29.11,0.98
-587,-29.10,1.01
-586,-29.09,1.04
-585,-29.08,1.08
-584,-29.13,1.07
-583,-29.20,1.04
-582,-29.28,1.01
-581,-29.35,0.98
-580,-29.43,0.96
-579,-29.51,0.95
-578,-29.58,0.94
-577,-29.66,0.94
-576,-29.74,0.95
-575,-29.81,0.96
-574,-29.89,0.97
-573,-29.97,0.99
-572,-30.05,1.02
-571,-30.13,1.05
-570,-30.21,1.08
-569,-30.29,1.12
-568,-30.37,1.17
-567,-30.46,1.22
-566,-30.45,1.19
-565,-30.40,1.14
-564,-30.36,1.10
-563,-30.32,1.06
-562,-30.27,1.02
-561,-30.23,0.99
-560,-30.19,0.97
-559,-30.15,0.95
-558,-30.11,0.94
-557,-30.07,0.93
-556,-30.02,0.93
-555,-29.98,0.94
-554,-29.94,0.96
-553,-29.90,0.99
-552,-29.86,1.02
-551,-29.82,1.05
-550,-29.78,1.10
-549,-29.88,1.06
-548,-30.01,1.02
-547,-30.13,0.98
-546,-30.25,0.95
-545,-30.37,0.92
-544,-30.50,0.89
-543,-30.62,0.87
-542,-30.74,0.86
-541,-30.86,0.85
-540,-30.99,0.85
-539,-31.11,0.85
-538,-31.23,0.86
-537,-31.36,0.87
-536,-31.48,0.89
-535,-31.61,0.92
-534,-31.74,0.95
-533,-31.87,0.98
-532,-32.00,1.02
-531,-32.13,1.07
-530,-32.26,1.12
-529,-32.24,1.06
-528,-32.20,1.00
-527,-32.17,0.94
-526,-32.14,0.89
-525,-32.11,0.85
-524,-32.08,0.81
-523,-32.05,0.77
-522,-32.02,0.75
-521,-31.99,0.74
-520,-31.96,0.73
-519,-31.93,0.74
-518,-31.90,0.75
-517,-31.87,0.78
-516,-31.84,0.82
-515,-31.81,0.86
-514,-31.78,0.91
-513,-31.78,0.89
-512,-31.80,0.86
-511,-31.82,0.83
-510,-31.83,0.80
-509,-31.85,0.78
-508,-31.86,0.76
-507,-31.88,0.74
-506,-31.89,0.73
-505,-31.90,0.72
-504,-31.92,0.72
-503,-31.93,0.72
-502,-31.94,0.72
-501,-31.95,0.73
-500,-31.97,0.74
-499,-31.98,0.75
-498,-31.99,0.77
-497,-32.00,0.80
-496,-32.02,0.82
-495,-32.03,0.85
-494,-32.04,0.88
-493,-32.05,0.92
-492,-32.06,0.96
-491,-32.07,1.00
-490,-32.09,1.04
-489,-32.10,1.09
-488,-32.11,1.13
-487,-32.10,1.12
-486,-32.08,1.09
-485,-32.06,1.07
-484,-32.04,1.04
-483,-32.02,1.02
-482,-32.00,1.00
-481,-31.98,0.98
-480,-31.96,0.95
-479,-31.94,0.93
-478,-31.92,0.91
-477,-31.90,0.89
-476,-31.88,0.88
-475,-31.86,0.86
-474,-31.84,0.84
-473,-31.82,0.82
-472,-31.79,0.81
-471,-31.77,0.80
-470,-31.75,0.78
-469,-31.73,0.77
-468,-31.71,0.76
-467,-31.68,0.75
-466,-31.66,0.74
-465,-31.64,0.74
-464,-31.61,0.73
-463,-31.59,0.73
-462,-31.57,0.73
-461,-31.54,0.73
-460,-31.52,0.74
-459,-31.49,0.74
-458,-31.47,0.75
-457,-31.44,0.76
-456,-31.42,0.77
-455,-31.39,0.78
-454,-31.36,0.80
-453,-31.34,0.81
-452,-31.31,0.83
-451,-31.28,0.85
-450,-31.26,0.88
-449,-31.23,0.90
-448,-31.20,0.92
-447,-31.17,0.95
-446,-31.15,0.98
-445,-31.12,0.97
-444,-31.10,0.95
-443,-31.08,0.93
-442,-31.06,0.91
-441,-31.03,0.90
-440,-31.01,0.88
-439,-30.99,0.87
-438,-30.96,0.87
-437,-30.94,0.86
-436,-30.92,0.86
-435,-30.89,0.86
-434,-30.87,0.86
-433,-30.85,0.86
-432,-30.82,0.87
-431,-30.80,0.88
-430,-30.77,0.90
-429,-30.75,0.91
-428,-30.73,0.93
-427,-30.70,0.95
-426,-30.68,0.98
-425,-30.65,1.00
-424,-30.63,1.03
-423,-30.65,1.02
-422,-30.71,0.98
-421,-30.78,0.94
-420,-30.84,0.91
-419,-30.90,0.88
-418,-30.96,0.86
-417,-31.02,0.84
-416,-31.08,0.82
-415,-31.14,0.81
-414,-31.20,0.80
-413,-31.27,0.80
-412,-31.33,0.80
-411,-31.39,0.81
-410,-31.46,0.83
-409,-31.52,0.84
-408,-31.58,0.87
-407,-31.65,0.89
-406,-31.71,0.93
-405,-31.78,0.96
-404,-31.85,1.00
-403,-31.86,0.98
-402,-31.84,0.94
-401,-31.82,0.89
-400,-31.80,0.85
-399,-31.79,0.81
-398,-31.77,0.78
-397,-31.75,0.75
-396,-31.73,0.73
-395,-31.72,0.72
-394,-31.70,0.71
-393,-31.69,0.71
-392,-31.67,0.72
-391,-31.65,0.74
-390,-31.64,0.76
-389,-31.62,0.79
-388,-31.60,0.82
-387,-31.59,0.86
-386,-31.57,0.90
-385,-31.55,0.95
-384,-31.54,1.01
-383,-31.51,1.00
-382,-31.48,0.96
-381,-31.46,0.92
-380,-31.43,0.89
-379,-31.40,0.86
-378,-31.37,0.83
-377,-31.34,0.81
-376,-31.31,0.80
-375,-31.28,0.79
-374,-31.25,0.78
-373,-31.22,0.78
-372,-31.19,0.79
-371,-31.16,0.81
-370,-31.12,0.83
-369,-31.09,0.85
-368,-31.06,0.88
-367,-31.03,0.91
-366,-30.99,0.95
-365,-30.96,0.99
-364,-30.93,1.04
-363,-30.88,1.03
-362,-30.81,0.99
-361,-30.75,0.95
-360,-30.69,0.92
-359,-30.63,0.89
-358,-30.56,0.86
-357,-30.50,0.83
-356,-30.43,0.82
-355,-30.37,0.80
-354,-30.30,0.79
-353,-30.24,0.79
-352,-30.17,0.79
-351,-30.11,0.79
-350,-30.04,0.81
-349,-29.97,0.82
-348,-29.91,0.85
-347,-29.84,0.87
-346,-29.77,0.90
-345,-29.70,0.94
-344,-29.63,0.98
-343,-29.59,0.97
-342,-29.57,0.93
-341,-29.55,0.91
-340,-29.53,0.88
-339,-29.51,0.86
-338,-29.49,0.84
-337,-29.46,0.83
-336,-29.44,0.82
-335,-29.42,0.82
-334,-29.39,0.82
-333,-29.37,0.83
-332,-29.34,0.84
-331,-29.32,0.86
-330,-29.29,0.88
-329,-29.27,0.90
-328,-29.24,0.93
-327,-29.22,0.96
-326,-29.19,1.00
-325,-29.17,1.04
-324,-29.14,1.08
-323,-29.12,1.12
-322,-29.15,1.11
-321,-29.21,1.07
-320,-29.27,1.04
-319,-29.33,1.00
-318,-29.39,0.97
-317,-29.45,0.95
-316,-29.51,0.93
-315,-29.57,0.91
-314,-29.64,0.90
-313,-29.70,0.89
-312,-29.76,0.89
-311,-29.82,0.90
-310,-29.89,0.91
-309,-29.95,0.93
-308,-30.02,0.95
-307,-30.08,0.97
-306,-30.15,1.00
-305,-30.22,1.04
-304,-30.28,1.08
-303,-30.35,1.12
-302,-30.35,1.11
-301,-30.29,1.06
-300,-30.23,1.02
-299,-30.18,0.98
-298,-30.12,0.95
-297,-30.07,0.92
-296,-30.01,0.89
-295,-29.96,0.87
-294,-29.90,0.86
-293,-29.85,0.84
-292,-29.80,0.84
-291,-29.74,0.84
-290,-29.69,0.85
-289,-29.64,0.86
-288,-29.58,0.88
-287,-29.53,0.91
-286,-29.47,0.94
-285,-29.42,0.97
-284,-29.36,1.01
-283,-29.30,1.05
-282,-29.32,1.04
-281,-29.39,0.99
-280,-29.45,0.94
-279,-29.52,0.90
-278,-29.58,0.87
-277,-29.65,0.84
-276,-29.71,0.82
-275,-29.78,0.81
-274,-29.84,0.80
-273,-29.90,0.80
-272,-29.97,0.81
-271,-30.03,0.83
-270,-30.10,0.86
-269,-30.17,0.89
-268,-30.23,0.93
-267,-30.30,0.97
-266,-30.37,1.02
-265,-30.41,1.00
-264,-30.45,0.94
-263,-30.48,0.88
-262,-30.52,0.84
-261,-30.55,0.80
-260,-30.59,0.78
-259,-30.63,0.77
-258,-30.66,0.77
-257,-30.70,0.79
-256,-30.74,0.82
-255,-30.78,0.86
-254,-30.82,0.91
-253,-30.86,0.98
-252,-30.90,1.04
-251,-30.88,1.04
-250,-30.82,0.98
-249,-30.77,0.92
-248,-30.71,0.88
-247,-30.65,0.84
-246,-30.60,0.81
-245,-30.54,0.79
-244,-30.48,0.78
-243,-30.43,0.78
-242,-30.37,0.78
-241,-30.31,0.80
-240,-30.26,0.83
-239,-30.20,0.87
-238,-30.14,0.91
-237,-30.08,0.97
-236,-30.08,0.95
-235,-30.10,0.91
-234,-30.12,0.87
-233,-30.14,0.84
-232,-30.16,0.82
-231,-30.18,0.80
-230,-30.20,0.80
-229,-30.22,0.80
-228,-30.24,0.81
-227,-30.26,0.82
-226,-30.27,0.85
-225,-30.29,0.88
-224,-30.31,0.92
-223,-30.33,0.96
-222,-30.35,1.01
-221,-30.46,0.98
-220,-30.61,0.91
-219,-30.77,0.86
-218,-30.92,0.82
-217,-31.08,0.79
-216,-31.23,0.78
-215,-31.39,0.78
-214,-31.55,0.80
-213,-31.70,0.84
-212,-31.86,0.88
-211,-32.02,0.94
-210,-32.18,1.01
-209,-32.20,1.03
-208,-32.13,1.01
-207,-32.05,0.99
-206,-31.98,0.97
-205,-31.91,0.95
-204,-31.85,0.94
-203,-31.78,0.93
-202,-31.71,0.92
-201,-31.64,0.91
-200,-31.58,0.90
-199,-31.51,0.89
-198,-31.44,0.89
-197,-31.38,0.89
-196,-31.31,0.89
-195,-31.24,0.89
-194,-31.17,0.89
-193,-31.10,0.90
-192,-31.03,0.90
-191,-30.96,0.91
-190,-30.89,0.92
-189,-30.82,0.93
-188,-30.75,0.94
-187,-30.67,0.96
-186,-30.60,0.98
-185,-30.52,0.99
-184,-30.45,1.01
-183,-30.37,1.04
-182,-30.29,1.06
-181,-30.21,1.08
-180,-30.13,1.11
-179,-30.19,1.09
-178,-30.32,1.03
-177,-30.46,0.98
-176,-30.60,0.94
-175,-30.73,0.91
-174,-30.87,0.89
-173,-31.00,0.88
-172,-31.14,0.87
-171,-31.27,0.88
-170,-31.41,0.90
-169,-31.55,0.94
-168,-31.68,0.98
-167,-31.82,1.02
-166,-31.96,1.08
-165,-32.10,1.14
-164,-32.05,1.12
-163,-31.93,1.06
-162,-31.81,1.01
-161,-31.69,0.96
-160,-31.57,0.92
-159,-31.45,0.88
-158,-31.33,0.84
-157,-31.21,0.82
-156,-31.09,0.80
-155,-30.97,0.79
-154,-30.85,0.79
-153,-30.73,0.79
-152,-30.61,0.81
-151,-30.49,0.83
-150,-30.37,0.86
-149,-30.25,0.89
-148,-30.13,0.94
-147,-30.00,0.99
-146,-30.02,0.97
-145,-30.07,0.94
-144,-30.12,0.91
-143,-30.17,0.88
-142,-30.22,0.86
-141,-30.26,0.84
-140,-30.31,0.83
-139,-30.36,0.82
-138,-30.40,0.81
-137,-30.45,0.81
-136,-30.49,0.82
-135,-30.54,0.83
-134,-30.58,0.84
-133,-30.63,0.86
-132,-30.67,0.89
-131,-30.72,0.91
-130,-30.77,0.94
-129,-30.81,0.98
-128,-30.76,0.97
-127,-30.67,0.93
-126,-30.59,0.91
-125,-30.50,0.88
-124,-30.41,0.85
-123,-30.32,0.83
-122,-30.23,0.81
-121,-30.14,0.80
-120,-30.06,0.78
-119,-29.97,0.77
-118,-29.88,0.77
-117,-29.79,0.76
-116,-29.70,0.76
-115,-29.61,0.77
-114,-29.52,0.77
-113,-29.43,0.79
-112,-29.34,0.80
-111,-29.25,0.82
-110,-29.16,0.84
-109,-29.06,0.86
-108,-28.97,0.89
-107,-28.88,0.92
-106,-28.78,0.95
-105,-28.68,0.99
-104,-28.69,0.96
-103,-28.73,0.91
-102,-28.77,0.87
-101,-28.82,0.83
-100,-28.86,0.81
-99,-28.90,0.80
-98,-28.94,0.80
-97,-28.98,0.81
-96,-29.02,0.83
-95,-29.06,0.86
-94,-29.10,0.91
-93,-29.14,0.96
-92,-29.18,1.02
-91,-29.22,1.08
-90,-29.27,1.15
-89,-29.34,1.14
-88,-29.42,1.11
-87,-29.51,1.07
-86,-29.59,1.03
-85,-29.68,1.00
-84,-29.76,0.97
-83,-29.85,0.95
-82,-29.94,0.92
-81,-30.03,0.91
-80,-30.12,0.89
-79,-30.21,0.88
-78,-30.30,0.87
-77,-30.39,0.86
-76,-30.48,0.86
-75,-30.58,0.87
-74,-30.67,0.87
-73,-30.77,0.88
-72,-30.86,0.90
-71,-30.96,0.92
-70,-31.06,0.94
-69,-31.16,0.97
-68,-31.26,1.00
-67,-31.36,1.03
-66,-31.46,1.06
-65,-31.56,1.10
-64,-31.53,1.09
-63,-31.45,1.06
-62,-31.37,1.04
-61,-31.29,1.01
-60,-31.21,0.99
-59,-31.13,0.97
-58,-31.05,0.96
-57,-30.97,0.95
-56,-30.89,0.94
-55,-30.81,0.94
-54,-30.73,0.94
-53,-30.65,0.94
-52,-30.57,0.95
-51,-30.49,0.96
-50,-30.40,0.98
-49,-30.32,1.00
-48,-30.24,1.02
-47,-30.15,1.05
-46,-30.07,1.08
-45,-29.98,1.12
-44,-29.90,1.15
-43,-29.81,1.19
-42,-29.83,1.18
-41,-29.89,1.15
-40,-29.95,1.12
-39,-30.02,1.10
-38,-30.08,1.07
-37,-30.14,1.05
-36,-30.20,1.03
-35,-30.26,1.01
-34,-30.32,0.99
-33,-30.38,0.97
-32,-30.44,0.96
-31,-30.50,0.95
-30,-30.56,0.94
-29,-30.62,0.93
-28,-30.68,0.92
-27,-30.74,0.92
-26,-30.80,0.92
-25,-30.86,0.92
-24,-30.92,0.93
-23,-30.99,0.94
-22,-31.05,0.95
-21,-31.11,0.96
-20,-31.18,0.98
-19,-31.24,1.00
-18,-31.31,1.02
-17,-31.23,1.00
-16,-31.09,0.97
-15,-30.95,0.93
-14,-30.80,0.91
-13,-30.66,0.88
-12,-30.52,0.86
-11,-30.38,0.85
-10,-30.24,0.84
-9,-30.10,0.83
-8,-29.96,0.83
-7,-29.81,0.84
-6,-29.67,0.85
-5,-29.53,0.87
-4,-29.38,0.89
-3,-29.24,0.91
-2,-29.09,0.94
-1,-28.94,0.97
0,-28.79,1.01
1,-28.64,1.05
2,-28.49,1.10
3,-28.33,1.15
4,-28.37,1.12
5,-28.48,1.07
6,-28.59,1.02
7,-28.70,0.98
8,-28.82,0.94
9,-28.93,0.91
10,-29.03,0.88
11,-29.14,0.86
12,-29.25,0.84
13,-29.36,0.83
14,-29.47,0.83
15,-29.58,0.84
16,-29.69,0.85
17,-29.80,0.87
18,-29.91,0.90
19,-30.02,0.94
20,-30.13,0.98
21,-30.25,1.02
22,-30.36,1.07
23,-30.48,1.13
24,-30.53,1.12
25,-30.53,1.07
26,-30.53,1.03
27,-30.53,0.99
28,-30.53,0.95
29,-30.54,0.92
30,-30.54,0.90
31,-30.55,0.88
32,-30.56,0.86
33,-30.56,0.86
34,-30.57,0.85
35,-30.58,0.86
36,-30.59,0.87
37,-30.60,0.89
38,-30.61,0.91
39,-30.62,0.94
40,-30.63,0.97
41,-30.64,1.01
42,-30.65,1.05
43,-30.63,1.05
44,-30.60,1.01
45,-30.57,0.99
46,-30.54,0.96
47,-30.52,0.94
48,-30.49,0.91
49,-30.46,0.89
50,-30.43,0.88
51,-30.40,0.86
52,-30.37,0.85
53,-30.35,0.84
54,-30.32,0.83
55,-30.29,0.83
56,-30.26,0.83
57,-30.23,0.84
58,-30.20,0.84
59,-30.17,0.85
60,-30.14,0.86
61,-30.10,0.88
62,-30.07,0.90
63,-30.04,0.92
64,-30.01,0.95
65,-29.97,0.97
66,-29.94,1.00
67,-29.97,0.98
68,-30.01,0.95
69,-30.05,0.92
70,-30.09,0.89
71,-30.13,0.87
72,-30.17,0.85
73,-30.21,0.83
74,-30.25,0.82
75,-30.29,0.82
76,-30.33,0.82
77,-30.38,0.82
78,-30.42,0.83
79,-30.46,0.84
80,-30.50,0.85
81,-30.54,0.88
82,-30.58,0.90
83,-30.62,0.93
84,-30.67,0.96
85,-30.71,1.00
86,-30.75,1.04
87,-30.76,1.01
88,-30.76,0.98
89,-30.76,0.95
90,-30.76,0.92
91,-30.76,0.90
92,-30.76,0.88
93,-30.77,0.86
94,-30.77,0.86
95,-30.77,0.85
96,-30.77,0.86
97,-30.78,0.87
98,-30.78,0.88
99,-30.78,0.90
100,-30.78,0.93
101,-30.79,0.95
102,-30.79,0.99
103,-30.79,1.03
104,-30.79,1.07
105,-30.80,1.11
106,-30.79,1.09
107,-30.78,1.05
108,-30.78,1.01
109,-30.77,0.98
110,-30.76,0.95
111,-30.76,0.92
112,-30.75,0.90
113,-30.74,0.89
114,-30.73,0.87
115,-30.72,0.87
116,-30.72,0.87
117,-30.71,0.87
118,-30.70,0.88
119,-30.69,0.90
120,-30.68,0.92
121,-30.68,0.94
122,-30.67,0.98
123,-30.66,1.01
124,-30.65,1.05
125,-30.64,1.09
126,-30.66,1.07
127,-30.69,1.04
128,-30.72,1.00
129,-30.75,0.98
130,-30.78,0.95
131,-30.81,0.93
132,-30.84,0.92
133,-30.87,0.91
134,-30.90,0.91
135,-30.92,0.91
136,-30.95,0.91
137,-30.98,0.93
138,-31.01,0.94
139,-31.04,0.96
140,-31.07,0.99
141,-31.10,1.02
142,-31.13,1.05
143,-31.16,1.09
144,-31.19,1.13
145,-31.22,1.18
146,-31.20,1.13
147,-31.17,1.05
148,-31.14,0.99
149,-31.11,0.93
150,-31.07,0.88
151,-31.04,0.85
152,-31.01,0.82
153,-30.98,0.81
154,-30.94,0.81
155,-30.91,0.82
156,-30.88,0.85
157,-30.85,0.89
158,-30.81,0.94
159,-30.78,1.00
160,-30.85,0.99
161,-30.94,0.96
162,-31.04,0.93
163,-31.13,0.90
164,-31.22,0.88
165,-31.32,0.86
166,-31.41,0.84
167,-31.50,0.83
168,-31.60,0.82
169,-31.69,0.82
170,-31.78,0.82
171,-31.88,0.83
172,-31.97,0.83
173,-32.07,0.85
174,-32.17,0.87
175,-32.26,0.89
176,-32.36,0.91
177,-32.46,0.94
178,-32.56,0.97
179,-32.66,1.01
180,-32.76,1.04
181,-32.86,1.08
182,-32.96,1.12
183,-32.96,1.10
184,-32.92,1.06
185,-32.87,1.01
186,-32.83,0.97
187,-32.79,0.94
188,-32.74,0.90
189,-32.70,0.87
190,-32.66,0.85
191,-32.62,0.82
192,-32.58,0.81
193,-32.54,0.79
194,-32.50,0.78
195,-32.46,0.78
196,-32.41,0.78
197,-32.37,0.79
198,-32.33,0.81
199,-32.29,0.83
200,-32.24,0.85
201,-32.20,0.88
202,-32.15,0.91
203,-32.11,0.95
204,-32.06,0.99
205,-32.01,1.04
206,-32.00,1.02
207,-31.99,0.98
208,-31.98,0.93
209,-31.98,0.90
210,-31.97,0.87
211,-31.96,0.84
212,-31.95,0.82
213,-31.94,0.80
214,-31.93,0.80
215,-31.92,0.80
216,-31.91,0.80
217,-31.90,0.82
218,-31.89,0.84
219,-31.88,0.86
220,-31.87,0.90
221,-31.86,0.93
222,-31.85,0.98
223,-31.84,1.02
224,-31.82,1.08
225,-31.78,1.06
226,-31.72,1.03
227,-31.66,1.00
228,-31.60,0.97
229,-31.55,0.94
230,-31.49,0.92
231,-31.43,0.90
232,-31.37,0.89
233,-31.31,0.88
234,-31.25,0.88
235,-31.19,0.88
236,-31.13,0.89
237,-31.06,0.90
238,-31.00,0.92
239,-30.94,0.94
240,-30.88,0.96
241,-30.81,0.99
242,-30.75,1.02
243,-30.69,1.06
244,-30.62,1.10
245,-30.59,1.08
246,-30.57,1.04
247,-30.55,1.00
248,-30.52,0.97
249,-30.50,0.94
250,-30.47,0.91
251,-30.45,0.89
252,-30.42,0.87
253,-30.40,0.85
254,-30.37,0.83
255,-30.34,0.81
256,-30.32,0.81
257,-30.29,0.80
258,-30.27,0.80
259,-30.24,0.80
260,-30.21,0.80
261,-30.19,0.81
262,-30.16,0.83
263,-30.13,0.84
264,-30.10,0.87
265,-30.08,0.89
266,-30.08,0.87
267,-30.11,0.83
268,-30.13,0.79
269,-30.15,0.76
270,-30.17,0.73
271,-30.20,0.71
272,-30.22,0.69
273,-30.24,0.68
274,-30.26,0.67
275,-30.29,0.66
276,-30.31,0.66
277,-30.33,0.67
278,-30.35,0.69
279,-30.38,0.70
280,-30.40,0.73
281,-30.43,0.76
282,-30.45,0.79
283,-30.47,0.83
284,-30.50,0.87
285,-30.52,0.91
286,-30.56,0.89
287,-30.59,0.84
288,-30.63,0.79
289,-30.67,0.76
290,-30.70,0.73
291,-30.74,0.71
292,-30.78,0.70
293,-30.81,0.71
294,-30.85,0.72
295,-30.89,0.74
296,-30.93,0.77
297,-30.97,0.81
298,-31.01,0.86
299,-31.05,0.91
300,-31.09,0.97
301,-31.09,0.96
302,-31.07,0.91
303,-31.05,0.87
304,-31.03,0.83
305,-31.02,0.80
306,-31.00,0.77
307,-30.98,0.74
308,-30.97,0.72
309,-30.95,0.71
310,-30.93,0.70
311,-30.92,0.69
312,-30.90,0.69
313,-30.89,0.70
314,-30.87,0.71
315,-30.85,0.73
316,-30.84,0.76
317,-30.82,0.78
318,-30.80,0.82
319,-30.79,0.86
320,-30.77,0.90
321,-30.74,0.89
322,-30.70,0.86
323,-30.67,0.83
324,-30.63,0.80
325,-30.59,0.79
326,-30.56,0.77
327,-30.52,0.77
328,-30.48,0.76
329,-30.44,0.77
330,-30.41,0.77
331,-30.37,0.79
332,-30.33,0.81
333,-30.29,0.83
334,-30.25,0.86
335,-30.21,0.89
336,-30.17,0.93
337,-30.13,0.97
338,-30.09,1.01
339,-30.06,1.00
340,-30.03,0.97
341,-29.99,0.93
342,-29.96,0.90
343,-29.93,0.88
344,-29.90,0.85
345,-29.86,0.84
346,-29.83,0.82
347,-29.80,0.81
348,-29.77,0.81
349,-29.73,0.81
350,-29.70,0.81
351,-29.66,0.82
352,-29.63,0.84
353,-29.59,0.86
354,-29.56,0.88
355,-29.52,0.91
356,-29.49,0.95
357,-29.45,0.98
358,-29.42,1.02
359,-29.38,1.06
360,-29.38,1.06
361,-29.42,1.02
362,-29.46,0.97
363,-29.49,0.93
364,-29.53,0.89
365,-29.57,0.86
366,-29.60,0.82
367,-29.64,0.79
368,-29.68,0.77
369,-29.71,0.74
370,-29.75,0.73
371,-29.79,0.71
372,-29.83,0.71
373,-29.86,0.71
374,-29.90,0.71
375,-29.94,0.72
376,-29.98,0.73
377,-30.02,0.75
378,-30.06,0.78
379,-30.10,0.81
380,-30.14,0.84
381,-30.18,0.88
382,-30.22,0.92
383,-30.27,0.97
384,-30.31,1.02
385,-30.32,1.02
386,-30.27,0.96
387,-30.23,0.90
388,-30.19,0.85
389,-30.15,0.80
390,-30.10,0.76
391,-30.06,0.73
392,-30.02,0.70
393,-29.98,0.69
394,-29.94,0.68
395,-29.90,0.69
396,-29.86,0.71
397,-29.81,0.73
398,-29.77,0.77
399,-29.73,0.81
400,-29.72,0.83
401,-29.73,0.80
402,-29.75,0.78
403,-29.76,0.77
404,-29.77,0.75
405,-29.79,0.74
406,-29.80,0.74
407,-29.81,0.73
408,-29.83,0.73
409,-29.84,0.73
410,-29.85,0.74
411,-29.86,0.74
412,-29.88,0.75
413,-29.89,0.77
414,-29.90,0.78
415,-29.91,0.80
416,-29.93,0.83
417,-29.94,0.85
418,-29.95,0.88
419,-29.97,0.91
420,-29.98,0.94
421,-29.99,0.97
422,-30.01,1.01
423,-30.02,1.04
424,-30.04,1.08
425,-30.05,1.12
426,-30.05,1.09
427,-30.05,1.04
428,-30.04,0.99
429,-30.04,0.96
430,-30.04,0.93
431,-30.03,0.92
432,-30.03,0.91
433,-30.03,0.92
434,-30.02,0.93
435,-30.02,0.96
436,-30.02,1.00
437,-30.02,1.04
438,-30.01,1.09
439,-30.01,1.15
440,-30.01,1.22
441,-30.01,1.20
442,-30.03,1.15
443,-30.04,1.10
444,-30.05,1.05
445,-30.07,1.01
446,-30.08,0.97
447,-30.09,0.93
448,-30.11,0.90
449,-30.12,0.88
450,-30.14,0.86
451,-30.15,0.85
452,-30.16,0.84
453,-30.18,0.84
454,-30.19,0.85
455,-30.20,0.86
456,-30.22,0.88
457,-30.23,0.91
458,-30.25,0.94
459,-30.26,0.98
460,-30.29,0.96
461,-30.33,0.91
462,-30.37,0.86
463,-30.41,0.81
464,-30.45,0.77
465,-30.48,0.74
466,-30.52,0.71
467,-30.56,0.69
468,-30.60,0.68
469,-30.64,0.68
470,-30.68,0.69
471,-30.73,0.71
472,-30.77,0.74
473,-30.81,0.77
474,-30.85,0.81
475,-30.89,0.86
476,-30.93,0.91
477,-30.98,0.97
478,-31.03,0.96
479,-31.09,0.92
480,-31.15,0.88
481,-31.20,0.85
482,-31.26,0.82
483,-31.32,0.80
484,-31.38,0.79
485,-31.44,0.78
486,-31.50,0.77
487,-31.57,0.77
488,-31.63,0.78
489,-31.69,0.80
490,-31.75,0.81
491,-31.81,0.84
492,-31.88,0.87
493,-31.94,0.91
494,-32.00,0.94
495,-32.07,0.99
496,-32.13,1.03
497,-32.12,1.03
498,-32.05,0.98
499,-31.98,0.94
500,-31.92,0.91
501,-31.85,0.87
502,-31.79,0.84
503,-31.72,0.82
504,-31.66,0.80
505,-31.59,0.78
506,-31.52,0.77
507,-31.46,0.76
508,-31.39,0.76
509,-31.32,0.77
510,-31.26,0.78
511,-31.19,0.80
512,-31.12,0.82
513,-31.05,0.85
514,-30.98,0.88
515,-30.91,0.91
516,-30.84,0.95
517,-30.76,1.00
518,-30.73,0.93
519,-30.70,0.83
520,-30.68,0.74
521,-30.66,0.67
522,-30.63,0.63
523,-30.61,0.62
524,-30.59,0.64
525,-30.56,0.70
526,-30.53,0.78
527,-30.51,0.87
528,-30.55,0.88
529,-30.61,0.85
530,-30.68,0.81
531,-30.74,0.79
532,-30.81,0.77
533,-30.87,0.75
534,-30.94,0.73
535,-31.01,0.72
536,-31.07,0.72
537,-31.14,0.72
538,-31.20,0.73
539,-31.27,0.74
540,-31.34,0.75
541,-31.41,0.77
542,-31.47,0.79
543,-31.54,0.82
544,-31.61,0.85
545,-31.68,0.88
546,-31.75,0.92
547,-31.82,0.95
548,-31.89,1.00
549,-31.97,1.04
550,-32.04,1.09
551,-32.11,1.13
552,-32.19,1.18
553,-32.15,1.16
554,-32.07,1.10
555,-32.00,1.05
556,-31.92,1.01
557,-31.84,0.97
558,-31.76,0.93
559,-31.69,0.90
560,-31.61,0.88
561,-31.53,0.87
562,-31.46,0.86
563,-31.38,0.86
564,-31.30,0.87
565,-31.22,0.88
566,-31.14,0.91
567,-31.07,0.94
568,-30.99,0.98
569,-30.91,1.02
570,-30.82,1.07
571,-30.74,1.13
572,-30.77,1.11
573,-30.84,1.07
574,-30.91,1.03
575,-30.98,0.99
576,-31.04,0.95
577,-31.11,0.92
578,-31.18,0.88
579,-31.25,0.86
580,-31.31,0.83
581,-31.38,0.81
582,-31.45,0.79
583,-31.51,0.77
584,-31.58,0.76
585,-31.65,0.76
586,-31.72,0.75
587,-31.78,0.75
588,-31.85,0.76
589,-31.92,0.77
590,-31.99,0.79
591,-32.06,0.81
592,-32.13,0.84
593,-32.21,0.86
594,-32.28,0.90
595,-32.35,0.93
596,-32.34,0.93
597,-32.28,0.90
598,-32.23,0.88
599,-32.18,0.86
600,-32.13,0.84
601,-32.08,0.82
602,-32.03,0.81
603,-31.98,0.79
604,-31.93,0.78
605,-31.88,0.77
606,-31.83,0.77
607,-31.78,0.76
608,-31.73,0.76
609,-31.68,0.76
610,-31.64,0.76
611,-31.58,0.77
612,-31.53,0.77
613,-31.48,0.78
614,-31.43,0.79
615,-31.38,0.81
616,-31.32,0.82
617,-31.27,0.84
618,-31.22,0.86
619,-31.16,0.89
620,-31.11,0.91
621,-31.05,0.94
622,-30.99,0.96
623,-30.94,0.99
624,-30.88,1.02
625,-30.82,1.06
626,-30.74,1.02
627,-30.64,0.96
628,-30.54,0.91
629,-30.44,0.86
630,-30.34,0.82
631,-30.24,0.79
632,-30.14,0.77
633,-30.04,0.76
634,-29.93,0.77
635,-29.83,0.78
636,-29.73,0.81
637,-29.62,0.84
638,-29.52,0.89
639,-29.41,0.94
640,-29.35,0.93
641,-29.30,0.90
642,-29.25,0.86
643,-29.19,0.83
644,-29.14,0.81
645,-29.09,0.79
646,-29.03,0.78
647,-28.98,0.77
648,-28.92,0.76
649,-28.87,0.76
650,-28.81,0.77
651,-28.76,0.78
652,-28.70,0.80
653,-28.64,0.82
654,-28.58,0.84
655,-28.53,0.87
656,-28.47,0.91
657,-28.41,0.95
658,-28.35,0.99
659,-28.29,1.03
660,-28.34,1.02
661,-28.43,0.98
662,-28.52,0.95
663,-28.61,0.92
664,-28.70,0.90
665,-28.79,0.88
666,-28.88,0.86
667,-28.97,0.85
668,-29.06,0.85
669,-29.15,0.84
670,-29.24,0.84
671,-29.33,0.85
672,-29.43,0.86
673,-29.52,0.88
674,-29.61,0.90
675,-29.71,0.92
676,-29.81,0.95
677,-29.90,0.98
678,-30.00,1.02
679,-30.10,1.06
680,-30.05,1.04
681,-29.93,1.01
682,-29.81,0.98
683,-29.69,0.94
684,-29.57,0.92
685,-29.46,0.89
686,-29.34,0.87
687,-29.23,0.85
688,-29.11,0.84
689,-29.00,0.83
690,-28.88,0.83
691,-28.76,0.83
692,-28.65,0.83
693,-28.53,0.84
694,-28.41,0.85
695,-28.30,0.86
696,-28.18,0.89
697,-28.06,0.91
698,-27.94,0.94
699,-27.81,0.97
700,-27.69,1.01
701,-27.57,1.05
702,-27.44,1.09
703,-27.43,1.09
704,-27.54,1.05
705,-27.64,1.01
706,-27.74,0.97
707,-27.84,0.93
708,-27.95,0.90
709,-28.05,0.88
710,-28.15,0.85
711,-28.25,0.83
712,-28.35,0.81
713,-28.45,0.80
714,-28.55,0.79
715,-28.65,0.78
716,-28.75,0.79
717,-28.86,0.79
718,-28.96,0.80
719,-29.07,0.82
720,-29.17,0.84
721,-29.28,0.86
722,-29.39,0.89
723,-29.50,0.92
724,-29.57,0.92
725,-29.59,0.88
726,-29.62,0.84
727,-29.65,0.80
728,-29.68,0.77
729,-29.71,0.73
730,-29.74,0.70
731,-29.77,0.68
732,-29.80,0.65
733,-29.83,0.63
734,-29.87,0.61
735,-29.90,0.59
736,-29.94,0.58
737,-29.97,0.57
738,-30.01,0.57
739,-30.04,0.57
740,-30.08,0.58
741,-30.12,0.59
742,-30.15,0.61
743,-30.19,0.63
744,-30.23,0.66
745,-30.27,0.69
746,-30.31,0.72
747,-30.34,0.76
748,-30.38,0.80
749,-30.41,0.80
750,-30.43,0.80
751,-30.45,0.79
752,-30.47,0.79
753,-30.49,0.78
754,-30.51,0.78
755,-30.53,0.77
756,-30.55,0.77
757,-30.57,0.77
758,-30.59,0.76
759,-30.61,0.76
760,-30.63,0.76
761,-30.65,0.75
762,-30.67,0.75
763,-30.70,0.75
764,-30.72,0.74
765,-30.74,0.74
766,-30.76,0.74
767,-30.78,0.73
768,-30.80,0.73
769,-30.82,0.73
770,-30.84,0.72
771,-30.86,0.72
772,-30.89,0.72
773,-30.91,0.72
774,-30.93,0.71
775,-30.95,0.71
776,-30.97,0.71
777,-30.99,0.70
778,-31.01,0.70
779,-31.04,0.70
780,-31.06,0.69
781,-31.08,0.69
782,-31.10,0.69
783,-31.12,0.69
784,-31.14,0.68
785,-31.16,0.68
786,-31.18,0.68
787,-31.21,0.68
788,-31.23,0.67
789,-31.25,0.67
790,-31.27,0.67
791,-31.29,0.67
792,-31.32,0.67
793,-31.34,0.67
794,-31.36,0.66
795,-31.38,0.66
796,-31.40,0.66
797,-31.42,0.66
798,-31.45,0.66
799,-31.47,0.66
800,-31.49,0.66
801,-31.51,0.66
802,-31.53,0.66
803,-31.55,0.66
804,-31.58,0.66
805,-31.60,0.67
806,-31.62,0.67
807,-31.64,0.67
808,-31.67,0.67
809,-31.69,0.67
810,-31.71,0.68
811,-31.73,0.68
812,-31.75,0.68
813,-31.78,0.69
814,-31.80,0.69
815,-31.82,0.70
816,-31.84,0.70
817,-31.87,0.70
818,-31.89,0.71
819,-31.91,0.71
820,-31.93,0.72
821,-31.96,0.73
822,-31.98,0.73
823,-32.00,0.74
824,-32.02,0.75
825,-32.05,0.75
826,-32.07,0.76
827,-32.09,0.77
828,-32.12,0.78
829,-32.14,0.79
830,-32.16,0.79
831,-32.18,0.80
832,-32.21,0.81
833,-32.23,0.82
834,-32.25,0.83
835,-32.28,0.84
836,-32.30,0.85
837,-32.32,0.86
838,-32.35,0.87
839,-32.37,0.88
840,-32.39,0.89
841,-32.42,0.91
842,-32.44,0.92
843,-32.46,0.93
844,-32.48,0.94
845,-32.51,0.95
846,-32.53,0.97
847,-32.55,0.98
848,-32.58,0.99
849,-32.60,1.00
850,-32.53,0.97
851,-32.44,0.93
852,-32.34,0.89
853,-32.25,0.86
854,-32.15,0.83
855,-32.06,0.80
856,-31.96,0.78
857,-31.87,0.76
858,-31.77,0.74
859,-31.67,0.73
860,-31.58,0.73
861,-31.48,0.73
862,-31.38,0.74
863,-31.28,0.75
864,-31.18,0.77
865,-31.08,0.79
866,-30.98,0.82
867,-30.88,0.85
868,-30.78,0.89
869,-30.67,0.93
870,-30.57,0.97
871,-30.59,0.93
872,-30.66,0.85
873,-30.74,0.78
874,-30.81,0.72
875,-30.88,0.67
876,-30.95,0.64
877,-31.02,0.62
878,-31.09,0.62
879,-31.16,0.64
880,-31.23,0.68
881,-31.30,0.74
882,-31.37,0.80
883,-31.38,0.80
884,-31.35,0.78
885,-31.33,0.76
886,-31.31,0.74
887,-31.28,0.72
888,-31.26,0.71
889,-31.24,0.69
890,-31.22,0.68
891,-31.20,0.67
892,-31.18,0.67
893,-31.16,0.66
894,-31.14,0.66
895,-31.12,0.66
896,-31.10,0.66
897,-31.07,0.67
898,-31.05,0.67
899,-31.03,0.68
900,-31.01,0.69
901,-30.99,0.71
902,-30.97,0.72
903,-30.95,0.74
904,-30.93,0.76
905,-30.91,0.78
906,-30.89,0.80
907,-30.87,0.83
908,-30.85,0.85
909,-30.83,0.88
910,-30.81,0.91
911,-30.78,0.94
912,-30.76,0.97
913,-30.74,1.00
914,-30.74,0.99
915,-30.74,0.96
916,-30.74,0.92
917,-30.75,0.89
918,-30.75,0.86
919,-30.76,0.84
920,-30.76,0.82
921,-30.76,0.80
922,-30.77,0.78
923,-30.77,0.77
924,-30.78,0.76
925,-30.78,0.76
926,-30.78,0.76
927,-30.79,0.77
928,-30.79,0.78
929,-30.79,0.80
930,-30.80,0.82
931,-30.80,0.84
932,-30.81,0.87
933,-30.81,0.90
934,-30.82,0.94
935,-30.82,0.97
936,-30.83,1.01
937,-30.83,1.06
938,-30.83,1.10
939,-30.76,1.08
940,-30.64,1.01
941,-30.52,0.96
942,-30.39,0.91
943,-30.27,0.87
944,-30.15,0.83
945,-30.02,0.82
946,-29.90,0.81
947,-29.77,0.82
948,-29.65,0.84
949,-29.52,0.87
950,-29.40,0.91
951,-29.27,0.96
952,-29.15,1.02
953,-29.02,1.09
954,-29.22,1.01
955,-29.65,0.85
956,-30.07,0.70
957,-30.50,0.58
958,-30.92,0.50
959,-31.34,0.49
960,-31.77,0.54
961,-31.80,0.54
962,-31.67,0.50
963,-31.55,0.46
964,-31.42,0.43
965,-31.30,0.41
966,-31.18,0.39
967,-31.05,0.39
968,-30.94,0.40
969,-30.82,0.43
970,-30.70,0.46
971,-30.58,0.49
972,-30.47,0.54
973,-30.35,0.58
974,-30.37,0.55
975,-30.44,0.49
976,-30.52,0.46
977,-30.59,0.45
978,-30.66,0.48
979,-30.73,0.53
980,-30.80,0.60
981,-30.84,0.57
982,-30.86,0.51
983,-30.88,0.47
984,-30.89,0.45
985,-30.91,0.46
986,-30.93,0.50
987,-30.95,0.56
988,-30.92,0.55
989,-30.86,0.51
990,-30.80,0.47
991,-30.74,0.45
992,-30.68,0.44
993,-30.62,0.44
994,-30.57,0.46
995,-30.51,0.49
996,-30.45,0.53
997,-30.39,0.57
998,-30.51,0.56
999,-30.76,0.53
1000,-31.01,0.52
1001,-31.26,0.54
1002,-31.51,0.58
1003,-31.76,0.64
1004,-32.01,0.72
1005,-32.26,0.81
1006,-32.51,0.91
1007,-32.58,0.91
1008,-32.54,0.85
1009,-32.50,0.80
1010,-32.46,0.74
1011,-32.42,0.69
1012,-32.39,0.64
1013,-32.35,0.60
1014,-32.32,0.57
1015,-32.28,0.54
1016,-32.25,0.51
1017,-32.22,0.50
1018,-32.19,0.49
1019,-32.16,0.50
1020,-32.12,0.51
1021,-32.09,0.53
1022,-32.06,0.56
1023,-31.93,0.52
1024,-31.78,0.48
1025,-31.63,0.44
1026,-31.48,0.41
1027,-31.33,0.40
1028,-31.18,0.41
1029,-31.03,0.43
1030,-30.87,0.47
1031,-30.72,0.51
1032,-30.56,0.56
1033,-30.41,0.62
1034,-30.25,0.69
1035,-30.40,0.64
1036,-30.58,0.60
1037,-30.77,0.56
1038,-30.95,0.53
1039,-31.13,0.51
1040,-31.31,0.50
1041,-31.48,0.50
1042,-31.66,0.52
1043,-31.84,0.55
1044,-32.02,0.58
1045,-32.20,0.63
1046,-32.15,0.56
1047,-32.07,0.50
1048,-31.99,0.46
1049,-31.91,0.45
1050,-31.84,0.47
1051,-31.76,0.52
1052,-31.69,0.59
1053,-31.62,0.67
1054,-31.53,0.63
1055,-31.44,0.57
1056,-31.35,0.52
1057,-31.26,0.48
1058,-31.17,0.44
1059,-31.08,0.42
1060,-30.99,0.41
1061,-30.90,0.41
1062,-30.81,0.43
1063,-30.72,0.46
1064,-30.62,0.49
1065,-30.53,0.54
1066,-30.48,0.52
1067,-30.45,0.47
1068,-30.42,0.43
1069,-30.39,0.41
1070,-30.36,0.39
1071,-30.33,0.39
1072,-30.30,0.41
1073,-30.26,0.44
1074,-30.23,0.47
1075,-30.19,0.52
1076,-30.16,0.57
1077,-30.21,0.57
1078,-30.30,0.54
1079,-30.39,0.52
1080,-30.48,0.50
1081,-30.57,0.49
1082,-30.66,0.48
1083,-30.75,0.48
1084,-30.84,0.48
1085,-30.93,0.49
1086,-31.02,0.50
1087,-31.11,0.52
1088,-31.20,0.54
1089,-31.29,0.56
1090,-31.38,0.59
1091,-31.47,0.62
1092,-31.56,0.66
1093,-31.56,0.63
1094,-31.53,0.59
1095,-31.51,0.56
1096,-31.48,0.52
1097,-31.45,0.49
1098,-31.43,0.47
1099,-31.41,0.45
1100,-31.38,0.43
1101,-31.36,0.42
1102,-31.34,0.42
1103,-31.31,0.42
1104,-31.29,0.43
1105,-31.27,0.45
1106,-31.25,0.47
1107,-31.23,0.50
1108,-31.20,0.53
1109,-31.19,0.49
1110,-31.18,0.45
1111,-31.17,0.42
1112,-31.15,0.41
1113,-31.14,0.41
1114,-31.13,0.42
1115,-31.12,0.45
1116,-31.10,0.49
1117,-31.09,0.54
1118,-31.08,0.59
1119,-30.96,0.55
1120,-30.81,0.49
1121,-30.67,0.45
1122,-30.52,0.43
1123,-30.38,0.43
1124,-30.23,0.45
1125,-30.09,0.49
1126,-29.94,0.55
1127,-29.79,0.62
1128,-29.87,0.53
1129,-29.96,0.45
1130,-30.06,0.41
1131,-30.16,0.43
1132,-30.25,0.49
1133,-30.35,0.58
1134,-30.29,0.54
1135,-30.23,0.50
1136,-30.15,0.46
1137,-30.09,0.44
1138,-30.02,0.44
1139,-29.95,0.44
1140,-29.88,0.47
1141,-29.81,0.50
1142,-29.74,0.55
1143,-29.67,0.60
1144,-29.88,0.54
1145,-30.10,0.49
1146,-30.31,0.45
1147,-30.53,0.44
1148,-30.74,0.45
1149,-30.95,0.48
1150,-31.17,0.53
1151,-31.38,0.59
1152,-31.60,0.66
1153,-31.39,0.59
1154,-31.18,0.53
1155,-30.98,0.50
1156,-30.77,0.50
1157,-30.57,0.52
1158,-30.36,0.57
1159,-30.20,0.63
1160,-30.38,0.56
1161,-30.56,0.50
1162,-30.74,0.46
1163,-30.93,0.43
1164,-31.11,0.42
1165,-31.29,0.43
1166,-31.47,0.46
1167,-31.65,0.51
1168,-31.81,0.55
1169,-31.76,0.51
1170,-31.71,0.49
1171,-31.66,0.48
1172,-31.62,0.50
1173,-31.57,0.54
1174,-31.52,0.59
1175,-31.48,0.66
1176,-31.43,0.73
1177,-31.39,0.69
1178,-31.36,0.65
1179,-31.32,0.61
1180,-31.28,0.57
1181,-31.24,0.54
1182,-31.20,0.51
1183,-31.17,0.48
1184,-31.13,0.46
1185,-31.09,0.44
1186,-31.05,0.42
1187,-31.01,0.41
1188,-30.97,0.41
1189,-30.93,0.41
1190,-30.89,0.42
1191,-30.85,0.43
1192,-30.81,0.45
1193,-30.76,0.47
1194,-30.72,0.50
1195,-30.91,0.45
1196,-31.15,0.43
1197,-31.40,0.47
1198,-31.64,0.56
1199,-31.89,0.69
1200,-32.13,0.82
1201,-32.37,0.97
1202,-32.12,0.74
1203,-31.74,0.53
1204,-31.37,0.57
1205,-31.27,0.58
1206,-31.25,0.55
1207,-31.23,0.52
1208,-31.21,0.50
1209,-31.18,0.49
1210,-31.16,0.48
1211,-31.14,0.48
1212,-31.12,0.48
1213,-31.09,0.50
1214,-31.07,0.52
1215,-31.05,0.54
1216,-31.02,0.58
1217,-31.00,0.61
1218,-30.97,0.65
1219,-30.94,0.61
1220,-30.91,0.55
1221,-30.88,0.50
1222,-30.85,0.47
1223,-30.82,0.46
1224,-30.79,0.48
1225,-30.75,0.51
1226,-30.72,0.55
1227,-30.69,0.62
1228,-30.70,0.57
1229,-30.74,0.49
1230,-30.77,0.44
1231,-30.80,0.43
1232,-30.83,0.46
1233,-30.87,0.52
1234,-30.90,0.61
1235,-30.96,0.57
1236,-31.03,0.50
1237,-31.10,0.45
1238,-31.17,0.42
1239,-31.24,0.41
1240,-31.31,0.42
1241,-31.39,0.45
1242,-31.46,0.51
1243,-31.53,0.58
1244,-31.56,0.53
1245,-31.58,0.48
1246,-31.61,0.46
1247,-31.63,0.48
1248,-31.66,0.53
1249,-31.68,0.60
1250,-31.71,0.69
1251,-31.71,0.65
1252,-31.71,0.60
1253,-31.70,0.56
1254,-31.70,0.54
1255,-31.70,0.52
1256,-31.70,0.52
1257,-31.70,0.53
1258,-31.70,0.55
1259,-31.70,0.58
1260,-31.70,0.62
1261,-31.64,0.56
1262,-31.57,0.51
1263,-31.51,0.46
1264,-31.44,0.44
1265,-31.37,0.44
1266,-31.30,0.47
1267,-31.24,0.51
1268,-31.17,0.57
1269,-31.18,0.54
1270,-31.22,0.50
1271,-31.25,0.47
1272,-31.28,0.45
1273,-31.31,0.45
1274,-31.34,0.47
1275,-31.38,0.51
1276,-31.41,0.55
1277,-31.44,0.61
1278,-31.47,0.67
1279,-31.42,0.64
1280,-31.34,0.58
1281,-31.27,0.53
1282,-31.20,0.49
1283,-31.13,0.46
1284,-31.05,0.44
1285,-30.98,0.43
1286,-30.91,0.43
1287,-30.84,0.45
1288,-30.76,0.48
1289,-30.69,0.52
1290,-30.74,0.51
1291,-30.84,0.47
1292,-30.95,0.44
1293,-31.05,0.42
1294,-31.15,0.40
1295,-31.26,0.39
1296,-31.36,0.39
1297,-31.46,0.39
1298,-31.56,0.41
1299,-31.66,0.43
1300,-31.77,0.45
1301,-31.87,0.48
1302,-31.97,0.52
1303,-32.08,0.56
1304,-31.94,0.52
1305,-31.73,0.47
1306,-31.53,0.44
1307,-31.33,0.44
1308,-31.13,0.46
1309,-30.93,0.50
1310,-30.73,0.55
1311,-30.54,0.62
1312,-30.72,0.58
1313,-31.00,0.51
1314,-31.28,0.46
1315,-31.56,0.44
1316,-31.84,0.43
1317,-32.12,0.45
1318,-32.40,0.50
1319,-32.67,0.56
1320,-32.95,0.63
1321,-32.79,0.57
1322,-32.58,0.51
1323,-32.37,0.46
1324,-32.17,0.44
1325,-31.96,0.44
1326,-31.76,0.47
1327,-31.55,0.52
1328,-31.35,0.58
1329,-31.27,0.50
1330,-31.20,0.44
1331,-31.12,0.42
1332,-31.05,0.45
1333,-30.97,0.51
1334,-30.90,0.59
1335,-30.93,0.55
1336,-30.97,0.51
1337,-31.00,0.49
1338,-31.04,0.48
1339,-31.07,0.48
1340,-31.10,0.50
1341,-31.13,0.53
1342,-31.16,0.57
1343,-31.19,0.62
1344,-31.22,0.67
1345,-31.25,0.73
1346,-31.37,0.67
1347,-31.48,0.63
1348,-31.59,0.62
1349,-31.71,0.64
1350,-31.82,0.69
1351,-31.93,0.76
1352,-32.05,0.86
1353,-32.16,0.96
1354,-32.05,0.87
1355,-31.91,0.77
1356,-31.77,0.68
1357,-31.63,0.59
1358,-31.49,0.53
1359,-31.35,0.50
1360,-31.21,0.49
1361,-31.08,0.52
1362,-30.94,0.57
1363,-30.98,0.53
1364,-31.04,0.49
1365,-31.11,0.46
1366,-31.17,0.44
1367,-31.23,0.45
1368,-31.29,0.47
1369,-31.35,0.50
1370,-31.41,0.55
1371,-31.47,0.60
1372,-31.53,0.67
1373,-31.52,0.64
1374,-31.50,0.59
1375,-31.48,0.55
1376,-31.46,0.51
1377,-31.44,0.47
1378,-31.41,0.45
1379,-31.39,0.43
1380,-31.37,0.42
1381,-31.35,0.42
1382,-31.33,0.43
1383,-31.31,0.44
1384,-31.29,0.47
1385,-31.27,0.50
1386,-31.25,0.54
1387,-31.26,0.51
1388,-31.28,0.46
1389,-31.30,0.42
1390,-31.33,0.40
1391,-31.35,0.40
1392,-31.37,0.42
1393,-31.40,0.45
1394,-31.42,0.50
1395,-31.44,0.56
1396,-31.38,0.54
1397,-31.29,0.51
1398,-31.20,0.49
1399,-31.10,0.48
1400,-31.01,0.50
1401,-30.91,0.53
1402,-30.82,0.57
1403,-30.73,0.63
1404,-30.63,0.69
1405,-30.60,0.64
1406,-30.58,0.56
1407,-30.56,0.49
1408,-30.54,0.45
1409,-30.53,0.42
1410,-30.51,0.43
1411,-30.48,0.46
1412,-30.46,0.51
1413,-30.44,0.58
1414,-30.42,0.66
1415,-30.47,0.62
1416,-30.55,0.55
1417,-30.62,0.51
1418,-30.70,0.50
1419,-30.77,0.51
1420,-30.84,0.55
1421,-30.92,0.62
1422,-30.99,0.70
1423,-31.07,0.79
1424,-31.04,0.71
1425,-30.99,0.63
1426,-30.95,0.56
1427,-30.91,0.52
1428,-30.87,0.50
1429,-30.83,0.52
1430,-30.79,0.56
1431,-30.75,0.63
1432,-30.77,0.57
1433,-30.80,0.51
1434,-30.83,0.48
1435,-30.86,0.47
1436,-30.89,0.48
1437,-30.92,0.52
1438,-30.95,0.58
1439,-30.98,0.65
1440,-30.93,0.60
1441,-30.88,0.54
1442,-30.82,0.50
1443,-30.76,0.47
1444,-30.71,0.45
1445,-30.65,0.46
1446,-30.60,0.48
1447,-30.54,0.52
1448,-30.49,0.57
1449,-30.58,0.51
1450,-30.67,0.46
1451,-30.76,0.43
1452,-30.86,0.42
1453,-30.95,0.42
1454,-31.04,0.44
1455,-31.13,0.48
1456,-31.22,0.54
1457,-31.31,0.60
1458,-31.38,0.55
1459,-31.45,0.51
1460,-31.52,0.48
1461,-31.59,0.46
1462,-31.66,0.44
1463,-31.73,0.43
1464,-31.80,0.44
1465,-31.87,0.46
1466,-31.95,0.48
1467,-32.02,0.51
1468,-32.09,0.55
1469,-32.17,0.59
1470,-32.15,0.54
1471,-32.12,0.50
1472,-32.10,0.46
1473,-32.08,0.43
1474,-32.06,0.42
1475,-32.04,0.42
1476,-32.01,0.43
1477,-31.99,0.45
1478,-31.97,0.48
1479,-31.95,0.53
1480,-31.92,0.56
1481,-31.81,0.51
1482,-31.70,0.47
1483,-31.58,0.44
1484,-31.47,0.41
1485,-31.35,0.40
1486,-31.24,0.40
1487,-31.12,0.41
1488,-31.00,0.44
1489,-30.89,0.47
1490,-30.77,0.52
1491,-30.65,0.56
1492,-30.53,0.62
1493,-30.62,0.57
1494,-30.71,0.52
1495,-30.80,0.48
1496,-30.89,0.44
1497,-30.97,0.42
1498,-31.06,0.41
1499,-31.15,0.40
1500,-31.23,0.41
1501,-31.32,0.43
1502,-31.40,0.46
1503,-31.49,0.49
1504,-31.56,0.53
1505,-31.53,0.49
1506,-31.50,0.45
1507,-31.46,0.43
1508,-31.43,0.42
1509,-31.40,0.42
1510,-31.37,0.43
1511,-31.35,0.46
1512,-31.32,0.49
1513,-31.29,0.53
1514,-31.26,0.58
1515,-31.23,0.63
1516,-31.20,0.69
1517,-31.17,0.75
1518,-31.14,0.79
1519,-31.06,0.71
1520,-30.99,0.64
1521,-30.91,0.60
1522,-30.83,0.58
1523,-30.75,0.59
1524,-30.68,0.62
1525,-30.60,0.68
1526,-30.65,0.61
1527,-30.71,0.54
1528,-30.76,0.49
1529,-30.82,0.46
1530,-30.87,0.43
1531,-30.92,0.44
1532,-30.98,0.46
1533,-31.03,0.49
1534,-31.08,0.55
1535,-31.14,0.61
1536,-31.26,0.56
1537,-31.38,0.51
1538,-31.50,0.48
1539,-31.63,0.45
1540,-31.75,0.44
1541,-31.87,0.44
1542,-32.00,0.45
1543,-32.12,0.47
1544,-32.25,0.50
1545,-32.38,0.54
1546,-32.30,0.50
1547,-32.22,0.47
1548,-32.15,0.44
1549,-32.07,0.42
1550,-32.00,0.42
1551,-31.93,0.43
1552,-31.85,0.44
1553,-31.78,0.47
1554,-31.71,0.50
1555,-31.64,0.54
1556,-31.57,0.59
1557,-31.57,0.54
1558,-31.57,0.50
1559,-31.56,0.47
1560,-31.56,0.44
1561,-31.56,0.43
1562,-31.56,0.43
1563,-31.56,0.43
1564,-31.55,0.45
1565,-31.55,0.48
1566,-31.54,0.52
1567,-31.54,0.57
1568,-31.48,0.53
1569,-31.41,0.50
1570,-31.34,0.47
1571,-31.27,0.45
1572,-31.20,0.45
1573,-31.13,0.45
1574,-31.06,0.47
1575,-30.99,0.49
1576,-30.92,0.53
1577,-30.85,0.57
1578,-30.78,0.61
1579,-30.71,0.66
1580,-30.88,0.60
1581,-31.05,0.54
1582,-31.22,0.50
1583,-31.39,0.46
1584,-31.56,0.44
1585,-31.73,0.43
1586,-31.89,0.44
1587,-32.06,0.47
1588,-32.23,0.51
1589,-32.40,0.56
1590,-32.32,0.51
1591,-32.24,0.47
1592,-32.16,0.43
1593,-32.08,0.41
1594,-32.00,0.39
1595,-31.93,0.38
1596,-31.85,0.39
1597,-31.77,0.41
1598,-31.70,0.43
1599,-31.62,0.47
1600,-31.55,0.51
1601,-31.48,0.56
1602,-31.47,0.50
1603,-31.47,0.46
1604,-31.47,0.42
1605,-31.47,0.41
1606,-31.47,0.41
1607,-31.47,0.42
1608,-31.46,0.46
1609,-31.46,0.50
1610,-31.46,0.56
1611,-31.52,0.51
1612,-31.59,0.46
1613,-31.65,0.43
1614,-31.72,0.42
1615,-31.79,0.43
1616,-31.85,0.47
1617,-31.92,0.52
1618,-31.99,0.57
1619,-32.05,0.64
1620,-31.94,0.55
1621,-31.84,0.48
1622,-31.73,0.43
1623,-31.62,0.42
1624,-31.51,0.45
1625,-31.41,0.51
1626,-31.30,0.59
1627,-31.47,0.54
1628,-31.63,0.49
1629,-31.80,0.45
1630,-31.97,0.43
1631,-32.13,0.43
1632,-32.30,0.44
1633,-32.46,0.47
1634,-32.63,0.52
1635,-32.79,0.57
1636,-32.96,0.63
1637,-32.92,0.58
1638,-32.89,0.53
1639,-32.85,0.49
1640,-32.82,0.46
1641,-32.78,0.44
1642,-32.75,0.43
1643,-32.72,0.44
1644,-32.69,0.46
1645,-32.66,0.49
1646,-32.63,0.53
1647,-32.59,0.58
1648,-32.52,0.53
1649,-32.45,0.49
1650,-32.38,0.47
1651,-32.31,0.45
1652,-32.24,0.46
1653,-32.16,0.48
1654,-32.09,0.51
1655,-32.02,0.56
1656,-31.94,0.61
1657,-31.92,0.57
1658,-31.91,0.52
1659,-31.90,0.47
1660,-31.89,0.44
1661,-31.87,0.42
1662,-31.86,0.41
1663,-31.84,0.42
1664,-31.82,0.44
1665,-31.81,0.47
1666,-31.79,0.52
1667,-31.77,0.57
1668,-31.75,0.51
1669,-31.72,0.45
1670,-31.69,0.41
1671,-31.66,0.40
1672,-31.63,0.42
1673,-31.60,0.46
1674,-31.57,0.53
1675,-31.54,0.60
1676,-31.61,0.55
1677,-31.71,0.48
1678,-31.80,0.43
1679,-31.90,0.41
1680,-31.99,0.42
1681,-32.09,0.46
1682,-32.18,0.52
1683,-32.19,0.51
1684,-32.16,0.48
1685,-32.12,0.45
1686,-32.09,0.44
1687,-32.06,0.43
1688,-32.03,0.43
1689,-31.99,0.44
1690,-31.96,0.46
1691,-31.93,0.49
1692,-31.90,0.52
1693,-31.87,0.56
1694,-31.84,0.61
1695,-31.90,0.57
1696,-32.00,0.51
1697,-32.10,0.46
1698,-32.20,0.44
1699,-32.30,0.44
1700,-32.40,0.47
1701,-32.50,0.52
1702,-32.60,0.59
1703,-32.67,0.59
1704,-32.72,0.56
1705,-32.78,0.54
1706,-32.83,0.51
1707,-32.88,0.50
1708,-32.94,0.49
1709,-32.99,0.48
1710,-33.05,0.48
1711,-33.10,0.49
1712,-33.16,0.50
1713,-33.22,0.52
1714,-33.28,0.54
1715,-33.33,0.56
1716,-33.39,0.59
1717,-33.45,0.63
1718,-33.12,0.55
1719,-32.68,0.50
1720,-32.25,0.53
1721,-31.82,0.62
1722,-31.79,0.59
1723,-31.86,0.53
1724,-31.93,0.48
1725,-32.00,0.45
1726,-32.06,0.43
1727,-32.13,0.42
1728,-32.19,0.44
1729,-32.26,0.47
1730,-32.32,0.51
1731,-32.38,0.57
1732,-32.44,0.63
1733,-32.37,0.57
1734,-32.29,0.51
1735,-32.20,0.46
1736,-32.11,0.43
1737,-32.03,0.42
1738,-31.94,0.44
1739,-31.85,0.47
1740,-31.77,0.53
1741,-31.68,0.60
1742,-31.72,0.57
1743,-31.78,0.52
1744,-31.84,0.48
1745,-31.91,0.45
1746,-31.97,0.43
1747,-32.03,0.42
1748,-32.09,0.42
1749,-32.16,0.43
1750,-32.22,0.46
1751,-32.28,0.49
1752,-32.34,0.54
1753,-32.38,0.50
1754,-32.41,0.45
1755,-32.44,0.42
1756,-32.48,0.40
1757,-32.51,0.41
1758,-32.54,0.43
1759,-32.58,0.48
1760,-32.61,0.53
1761,-32.64,0.60
1762,-32.70,0.56
1763,-32.76,0.51
1764,-32.82,0.46
1765,-32.87,0.42
1766,-32.93,0.40
1767,-32.99,0.39
1768,-33.05,0.40
1769,-33.11,0.42
1770,-33.18,0.46
1771,-33.24,0.51
1772,-33.17,0.48
1773,-33.06,0.44
1774,-32.96,0.41
1775,-32.86,0.40
1776,-32.75,0.40
1777,-32.65,0.41
1778,-32.55,0.43
1779,-32.45,0.46
1780,-32.34,0.50
1781,-32.24,0.55
1782,-32.14,0.60
1783,-32.16,0.55
1784,-32.21,0.49
1785,-32.25,0.44
1786,-32.30,0.40
1787,-32.35,0.38
1788,-32.39,0.39
1789,-32.44,0.42
1790,-32.48,0.46
1791,-32.53,0.52
1792,-32.54,0.48
1793,-32.53,0.43
1794,-32.53,0.43
1795,-32.53,0.46
1796,-32.52,0.53
1797,-32.46,0.48
1798,-32.38,0.44
1799,-32.31,0.41
1800,-32.24,0.39
1801,-32.16,0.40
1802,-32.09,0.43
1803,-32.02,0.48
1804,-31.94,0.54
1805,-31.87,0.60
1806,-31.79,0.68
1807,-31.85,0.62
1808,-31.90,0.57
1809,-31.95,0.53
1810,-32.00,0.49
1811,-32.05,0.47
1812,-32.11,0.45
1813,-32.16,0.45
1814,-32.21,0.46
1815,-32.26,0.49
1816,-32.31,0.52
1817,-32.36,0.56
1818,-32.41,0.61
1819,-32.33,0.56
1820,-32.26,0.51
1821,-32.19,0.46
1822,-32.12,0.43
1823,-32.04,0.42
1824,-31.97,0.42
1825,-31.90,0.43
1826,-31.83,0.45
1827,-31.75,0.49
1828,-31.68,0.54
1829,-31.61,0.59
1830,-31.75,0.52
1831,-31.90,0.47
1832,-32.04,0.44
1833,-32.19,0.44
1834,-32.33,0.46
1835,-32.47,0.51
1836,-32.61,0.57
1837,-32.76,0.65
1838,-32.71,0.59
1839,-32.67,0.53
1840,-32.62,0.48
1841,-32.58,0.43
1842,-32.54,0.40
1843,-32.49,0.38
1844,-32.45,0.38
1845,-32.41,0.39
1846,-32.37,0.42
1847,-32.33,0.46
1848,-32.28,0.51
1849,-32.27,0.45
1850,-32.26,0.40
1851,-32.25,0.36
1852,-32.24,0.33
1853,-32.22,0.33
1854,-32.21,0.34
1855,-32.20,0.38
1856,-32.19,0.42
1857,-32.17,0.48
1858,-32.22,0.43
1859,-32.26,0.39
1860,-32.31,0.37
1861,-32.35,0.38
1862,-32.40,0.40
1863,-32.44,0.44
1864,-32.49,0.50
1865,-32.53,0.56
1866,-32.58,0.63
1867,-32.62,0.71
1868,-32.52,0.61
1869,-32.41,0.52
1870,-32.30,0.47
1871,-32.20,0.45
1872,-32.09,0.47
1873,-31.99,0.53
1874,-31.88,0.62
1875,-31.85,0.57
1876,-31.82,0.53
1877,-31.79,0.50
1878,-31.77,0.47
1879,-31.74,0.45
1880,-31.71,0.44
1881,-31.68,0.45
1882,-31.65,0.46
1883,-31.62,0.48
1884,-31.58,0.52
1885,-31.55,0.55
1886,-31.52,0.60
1887,-31.55,0.51
1888,-31.58,0.44
1889,-31.61,0.40
1890,-31.64,0.40
1891,-31.67,0.43
1892,-31.70,0.50
1893,-31.73,0.58
1894,-31.64,0.48
1895,-31.55,0.44
1896,-31.46,0.46
1897,-31.37,0.54
1898,-31.28,0.66
1899,-31.29,0.54
1900,-31.29,0.47
1901,-31.30,0.46
1902,-31.30,0.52
1903,-31.31,0.63
1904,-31.32,0.58
1905,-31.32,0.55
1906,-31.33,0.51
1907,-31.33,0.48
1908,-31.33,0.46
1909,-31.34,0.44
1910,-31.34,0.43
1911,-31.35,0.43
1912,-31.35,0.44
1913,-31.36,0.45
1914,-31.36,0.47
1915,-31.37,0.50
1916,-31.37,0.53
1917,-31.38,0.57
1918,-31.38,0.60
1919,-31.39,0.65
1920,-31.94,0.41
1921,-32.49,0.60
1922,-32.34,0.56
1923,-32.19,0.53
1924,-32.05,0.49
1925,-31.90,0.47
1926,-31.75,0.44
1927,-31.61,0.42
1928,-31.46,0.41
1929,-31.32,0.40
1930,-31.17,0.40
1931,-31.03,0.41
1932,-30.88,0.42
1933,-30.74,0.43
1934,-30.59,0.46
1935,-30.45,0.48
1936,-30.30,0.51
1937,-30.16,0.55
1938,-30.01,0.58
1939,-30.00,0.53
1940,-29.99,0.49
1941,-29.99,0.45
1942,-29.97,0.42
1943,-29.96,0.40
1944,-29.95,0.40
1945,-29.94,0.41
1946,-29.93,0.44
1947,-29.91,0.47
1948,-29.90,0.51
1949,-29.88,0.56
1950,-29.87,0.61
1951,-30.10,
1952,-30.20,
1953,-30.30,
1954,-30.40,
1955,-30.50,
1956,-30.60,
1957,-30.70,
1958,-30.80,
1959,-30.90,
1960,-31.00,
1961,-31.10,
1962,-31.20,
1963,-31.30,
1964,-31.40,
1965,-31.50,
1966,-31.60,
1967,-31.70,
1968,-31.80,
1969,-31.90,
1970,-32.00,
1971,-31.90,
1972,-31.80,
1973,-31.70,
1974,-31.60,
1975,-31.50,
1976,-31.40,
1977,-31.30,
1978,-31.20,
1979,-31.20,
1980,-31.20,
1981,-31.20,
1982,-31.20,
1983,-31.20,
1984,-31.20,
1985,-31.20,
1986,-31.20,
1987,-31.20,
1988,-31.20,
1989,-31.20,
1990,-31.20,
1991,-31.20,
1992,-31.20,
1993,-31.20,
