age_ka,year,temp_c
0.0951,1855,-31.5913
0.1071,1843,-31.6220
0.1131,1837,-31.6026
0.1192,1831,-31.6002
0.1192,1831,-31.5980
0.1255,1824,-31.6656
0.1324,1818,-31.7235
0.1388,1811,-31.7583
0.1451,1805,-31.8098
0.1523,1798,-31.8415
0.1523,1798,-31.8813
0.1594,1791,-31.9559
0.1655,1784,-32.0241
0.1718,1778,-32.0380
0.1794,1771,-31.9872
0.1866,1763,-31.9689
0.1936,1756,-31.9954
0.2006,1749,-32.0220
0.2006,1749,-32.0291
0.2081,1742,-32.0198
0.2153,1735,-32.0128
0.2231,1727,-32.0254
0.2311,1719,-32.0263
0.2386,1711,-32.0213
0.2457,1704,-32.0117
0.2535,1696,-32.0337
0.2613,1689,-32.0807
0.2685,1682,-32.0720
0.2759,1674,-32.0267
0.2841,1666,-32.0002
0.2925,1658,-31.9880
0.2925,1658,-32.0024
0.2999,1650,-32.0013
0.3073,1643,-32.0133
0.3147,1635,-32.0339
0.3221,1628,-32.0898
0.3302,1620,-32.0848
0.3385,1612,-32.0848
0.3463,1604,-32.0370
0.3542,1596,-32.0050
0.3616,1588,-31.9876
0.3694,1581,-31.9811
0.3773,1573,-31.9811
0.3851,1565,-31.9926
0.3937,1556,-31.9715
0.4021,1548,-31.9420
0.4098,1540,-31.9187
0.4178,1532,-31.9126
0.4262,1524,-31.9385
0.4354,1515,-31.9591
0.4441,1506,-31.9648
0.4441,1506,-32.0093
0.4522,1498,-32.0243
0.4601,1490,-31.9889
0.4682,1482,-31.9420
0.4772,1473,-31.8850
0.4859,1464,-31.8772
0.4939,1456,-31.8572
0.5021,1448,-31.8840
0.5105,1440,-31.8584
0.5196,1430,-31.8444
0.5300,1420,-31.8076
0.5382,1412,-31.8108
0.5470,1403,-31.9024
0.5558,1394,-31.9472
0.5639,1386,-32.0128
0.5717,1378,-32.0312
0.5798,1370,-32.0160
0.5882,1362,-31.9900
0.5970,1353,-31.9488
0.6048,1345,-31.9144
0.6133,1337,-31.8792
0.6215,1328,-31.8316
0.6298,1320,-31.7896
0.6383,1312,-31.7176
0.6469,1303,-31.7244
0.6553,1295,-31.7816
0.6638,1286,-31.7732
0.6724,1278,-31.7012
0.6811,1269,-31.6588
0.6898,1260,-31.7204
0.6986,1251,-31.7436
0.7076,1242,-31.8088
0.7163,1234,-31.8296
0.7247,1225,-31.8896
0.7337,1216,-31.9744
0.7430,1207,-31.9956
0.7518,1198,-31.9024
0.7606,1189,-31.7144
0.7697,1180,-31.5472
0.7794,1171,-31.4508
0.7894,1161,-31.3852
0.7984,1152,-31.3748
0.8077,1142,-31.3456
0.8169,1133,-31.3132
0.8266,1123,-31.3156
0.8357,1114,-31.3444
0.8444,1106,-31.3600
0.8528,1097,-31.3656
0.8608,1089,-31.3844
0.8692,1081,-31.3780
0.8784,1072,-31.3224
0.8865,1064,-31.2496
0.8951,1055,-31.2776
0.9031,1047,-31.2616
0.9122,1038,-31.2084
0.9222,1028,-31.0276
0.9311,1019,-30.9288
0.9392,1011,-30.8272
0.9477,1002,-30.6236
0.9559,994,-30.4956
0.9649,985,-30.4628
0.9739,976,-30.5276
0.9816,968,-30.6348
0.9903,960,-30.6732
0.9985,952,-30.6752
1.0081,942,-30.7012
1.0168,933,-30.7436
1.0250,925,-30.8860
1.0337,916,-30.9860
1.0427,907,-31.0792
1.0513,899,-31.0816
1.0593,891,-31.0876
1.0682,882,-31.0812
1.0772,873,-31.1404
1.0864,864,-31.1968
1.0955,854,-31.2252
1.1041,846,-31.2600
1.1131,837,-31.3228
1.1213,829,-31.4500
1.1305,820,-31.5652
1.1390,811,-31.5872
1.1474,803,-31.6168
1.1559,794,-31.6660
1.1648,785,-31.8344
1.1733,777,-31.9684
1.1805,770,-32.0592
1.1889,761,-32.1312
1.1979,752,-32.1568
1.2063,744,-32.1876
1.2147,735,-32.1728
1.2240,726,-32.1616
1.2326,717,-32.1420
1.2415,708,-32.0588
1.2495,700,-32.0000
1.2580,692,-31.9184
1.2669,683,-31.9140
1.2761,674,-31.8824
1.2859,664,-31.8288
1.2859,664,-31.7664
1.2952,655,-31.7312
1.2952,655,-31.7696
1.3040,646,-31.7900
1.3040,646,-31.7968
1.3122,638,-31.7416
1.3122,638,-31.7568
1.3208,629,-31.8148
1.3295,620,-31.8756
1.3379,612,-31.8216
1.3470,603,-31.6780
1.3561,594,-31.6064
1.3561,594,-31.5400
1.3652,585,-31.4136
1.3755,574,-31.3372
1.4552,495,-31.2064
1.4652,485,-31.1224
1.4748,475,-31.0504
1.4845,466,-30.9720
1.4955,454,-30.8616
1.5052,445,-30.6132
1.5149,435,-30.4060
1.5615,388,-30.8536
1.5709,379,-30.8684
1.5812,369,-30.8528
1.5861,364,-30.8248
1.5861,364,-30.8028
1.6101,340,-30.6912
1.6154,335,-30.6036
1.6208,329,-30.4744
1.6393,311,-30.5144
1.6492,301,-30.5480
1.6593,291,-30.6032
1.6685,282,-30.6744
1.6787,271,-30.7840
1.6888,261,-30.9292
1.6888,261,-31.0540
1.6995,250,-31.0616
1.7094,241,-31.0372
1.7189,231,-31.1236
1.7289,221,-31.0380
1.7393,211,-31.0952
1.7496,200,-31.0600
1.7595,190,-31.0620
1.7692,181,-31.0356
1.7803,170,-30.9572
1.7897,160,-30.9284
1.8003,150,-30.9844
1.8114,139,-31.0492
1.8232,127,-31.0444
1.8333,117,-31.0452
1.8429,107,-31.1384
1.8625,88,-31.2244
1.8715,78,-31.2044
1.8819,68,-31.1904
1.8921,58,-31.1048
1.9020,48,-31.0352
1.9124,38,-30.9324
1.9220,28,-30.8292
1.9311,19,-30.5908
1.9403,10,-30.4624
1.9461,4,-30.3120
1.9586,-9,-30.3080
1.9685,-18,-30.2532
1.9780,-28,-30.2448
1.9878,-38,-30.2300
1.9974,-47,-30.2100
2.0069,-57,-30.1052
2.0165,-67,-29.9572
2.0192,-69,-29.8624
2.0336,-84,-29.8748
2.0461,-96,-29.8372
2.0461,-96,-29.7996
2.0571,-107,-29.6404
2.0682,-118,-29.5708
2.0789,-129,-29.6412
2.0885,-138,-29.6832
2.0993,-149,-29.7492
2.1084,-158,-29.7792
2.1162,-166,-29.8368
2.1278,-178,-29.8812
2.1391,-189,-30.0160
2.1492,-199,-30.1064
2.1594,-209,-30.1160
2.1703,-220,-30.0240
2.1818,-232,-29.9840
2.1922,-242,-29.9900
2.2023,-252,-30.0324
2.2124,-262,-30.2000
2.2228,-273,-30.3908
2.2331,-283,-30.5716
2.2429,-293,-30.5840
2.2529,-303,-30.5556
2.2630,-313,-30.6676
2.2730,-323,-30.7688
2.2929,-343,-30.6820
2.2929,-343,-30.6080
2.3030,-353,-30.4748
2.3138,-364,-30.3012
2.3238,-374,-30.1432
2.3339,-384,-30.0964
2.3545,-404,-30.1232
2.3545,-404,-30.0996
2.3648,-415,-30.1556
2.3725,-422,-30.1732
2.3725,-422,-30.2732
2.3942,-444,-30.4764
2.4056,-456,-30.5296
2.4135,-464,-30.4680
2.4265,-476,-30.3708
2.4340,-484,-30.3168
2.4418,-492,-30.2960
2.4572,-507,-30.3252
2.4676,-518,-30.3972
2.4781,-528,-30.3908
2.4781,-528,-30.3904
2.4999,-550,-30.3548
2.5107,-561,-30.3288
2.5211,-571,-30.3560
2.5301,-580,-30.5340
2.5414,-591,-30.7080
2.5537,-604,-30.7632
2.5642,-614,-30.8272
2.5748,-625,-30.8940
2.5864,-636,-30.8808
2.5974,-647,-30.8524
2.6086,-659,-30.8228
2.6195,-670,-30.7372
2.6305,-680,-30.7356
2.6411,-691,-30.7968
2.6516,-702,-30.7888
2.6619,-712,-30.7160
2.6724,-722,-30.5204
2.6828,-733,-30.4736
2.6938,-744,-30.5832
2.7044,-754,-30.6768
2.7156,-766,-30.8152
2.7262,-776,-30.9000
2.7378,-788,-30.9512
2.7479,-798,-30.9668
2.7587,-809,-30.9428
2.7718,-822,-30.9504
2.7839,-834,-30.8692
2.7947,-845,-30.7616
2.8052,-855,-30.6812
2.8162,-866,-30.6324
2.8269,-877,-30.5648
2.8371,-887,-30.5500
2.8474,-897,-30.5444
2.8563,-906,-30.4556
2.8679,-918,-30.4336
2.8791,-929,-30.4768
2.8898,-940,-30.5576
2.9009,-951,-30.5980
2.9116,-962,-30.5196
2.9223,-972,-30.5196
2.9335,-984,-30.5792
2.9442,-994,-30.6144
2.9552,-1005,-30.6136
2.9658,-1016,-30.5840
2.9763,-1026,-30.5716
2.9868,-1037,-30.5500
2.9981,-1048,-30.6104
3.0096,-1060,-30.6812
3.0204,-1070,-30.6904
3.0316,-1082,-30.6820
3.0424,-1092,-30.7092
3.0424,-1092,-30.6628
3.0532,-1103,-30.6140
3.0640,-1114,-30.7688
3.0748,-1125,-30.8804
3.0853,-1135,-30.7972
3.0964,-1146,-30.5932
3.1080,-1158,-30.3016
3.1208,-1171,-30.1508
3.1333,-1183,-30.0836
3.1455,-1196,-29.9820
3.1582,-1208,-29.8252
3.1698,-1220,-29.6896
3.1811,-1231,-29.6084
3.1932,-1243,-29.5512
3.2040,-1254,-29.5200
3.2146,-1265,-29.4428
3.2276,-1278,-29.2700
3.2377,-1288,-29.1308
3.2486,-1299,-29.0460
3.2602,-1310,-28.9916
3.2744,-1324,-28.9120
3.2861,-1336,-28.8020
3.2971,-1347,-28.7480
3.3085,-1358,-28.8592
3.3203,-1370,-29.1520
3.3311,-1381,-29.5372
3.3432,-1393,-29.7272
3.3547,-1405,-29.6492
3.3674,-1417,-29.7116
3.3787,-1429,-29.9108
3.3787,-1429,-30.0028
3.3905,-1440,-30.0420
3.4023,-1452,-30.0680
3.4107,-1461,-30.0736
3.4256,-1476,-30.1040
3.4374,-1487,-30.0900
3.4493,-1499,-30.1524
3.4621,-1512,-30.2792
3.4913,-1541,-30.3076
3.5103,-1560,-30.4036
3.5225,-1572,-30.5624
3.5339,-1584,-30.5792
3.5450,-1595,-30.4848
3.5578,-1608,-30.3464
3.5691,-1619,-30.2572
3.5816,-1632,-30.1548
3.6057,-1656,-29.9812
3.6175,-1668,-29.7988
3.6263,-1676,-29.8404
3.6362,-1686,-29.8960
3.6518,-1702,-29.9384
3.6652,-1715,-30.1136
3.6769,-1727,-30.2796
3.6890,-1739,-30.3960
3.7013,-1751,-30.4760
3.7134,-1763,-30.3912
3.7253,-1775,-30.2644
3.7361,-1786,-30.2116
3.7473,-1797,-30.2676
3.7597,-1810,-30.3796
3.7721,-1822,-30.5124
3.7840,-1834,-30.5568
3.7960,-1846,-30.7680
3.8082,-1858,-30.7912
3.8174,-1867,-30.8500
3.8322,-1882,-31.0080
3.8438,-1894,-31.0768
3.8556,-1906,-31.0460
3.8672,-1917,-31.0388
3.8801,-1930,-31.0900
3.8883,-1938,-31.1560
3.9049,-1955,-31.1772
3.9164,-1966,-31.1752
3.9291,-1979,-31.2212
3.9417,-1992,-31.2308
3.9537,-2004,-31.1632
3.9665,-2016,-31.0880
3.9787,-2029,-31.0604
3.9896,-2040,-31.0708
3.9896,-2040,-31.0932
4.0169,-2067,-30.9952
4.0169,-2067,-30.9140
4.0294,-2079,-30.9148
4.0416,-2092,-30.9116
4.0544,-2104,-30.7012
