year,hydrological_year,mass_change_gt,uncertainty_gt,greenland_periphery_gt,antarctic_periphery_gt
1976,1975-76,66.8,45.1,76.3,25.9
1977,1976-77,-37.9,44.9,-2.7,15.0
1978,1977-78,-22.0,44.8,33.0,57.6
1979,1978-79,-32.3,44.6,41.8,71.5
1980,1979-80,64.4,44.5,23.5,60.8
1981,1980-81,71.9,44.3,-6.5,62.4
1982,1981-82,-64.9,44.2,29.0,-16.8
1983,1982-83,153.5,44.0,32.2,157.1
1984,1983-84,-57.5,43.9,45.0,16.9
1985,1984-85,15.4,43.7,10.3,61.5
1986,1985-86,32.3,43.5,83.3,4.0
1987,1986-87,124.9,43.4,24.6,78.5
1988,1987-88,50.4,43.2,-29.7,116.3
1989,1988-89,-82.1,43.1,39.5,16.6
1990,1989-90,-254.2,42.9,-15.6,15.6
1991,1990-91,-104.8,42.7,-27.8,27.9
1992,1991-92,95.8,42.6,44.1,100.0
1993,1992-93,-155.5,42.4,-27.7,43.8
1994,1993-94,-117.6,42.3,5.2,0.6
1995,1994-95,-182.5,42.1,4.1,25.7
1996,1995-96,-27.7,41.9,92.3,19.6
1997,1996-97,-302.0,41.8,35.4,-17.2
1998,1997-98,-119.0,41.6,-68.8,117.4
1999,1998-99,-256.9,41.5,-16.8,-64.3
2000,1999-00,-131.2,22.6,-25.9,-53.9
2001,2000-01,-175.1,22.3,-42.4,10.1
2002,2001-02,-141.4,21.2,17.6,-30.9
2003,2002-03,-124.9,21.0,125.6,-37.7
2004,2003-04,-369.3,21.0,-52.6,-3.4
2005,2004-05,-408.0,20.8,-131.8,-4.6
2006,2005-06,-238.5,20.6,26.5,-70.5
2007,2006-07,-339.5,20.6,-96.3,-43.0
2008,2007-08,-140.9,18.3,-23.7,-10.9
2009,2008-09,-273.4,18.3,-47.2,-41.1
2010,2009-10,-225.0,18.2,-126.3,46.7
2011,2010-11,-428.5,18.2,-149.1,20.9
2012,2011-12,-220.9,18.0,-55.9,-4.3
2013,2012-13,-271.0,17.2,-60.5,16.1
2014,2013-14,-140.4,17.1,1.2,35.3
2015,2014-15,-238.8,17.0,46.9,43.8
2016,2015-16,-393.8,16.9,-116.2,0.9
2017,2016-17,-280.4,16.9,-21.6,-41.6
2018,2017-18,-227.7,16.8,48.6,-38.7
2019,2018-19,-519.1,16.7,-131.7,19.2
2020,2019-20,-498.3,16.6,-68.3,-101.8
2021,2020-21,-307.9,16.5,-83.2,-36.9
2022,2021-22,-456.2,17.7,-56.4,-24.0
2023,2022-23,-629.7,17.7,-117.1,-110.8
2024,2023-24,-457.7,12.3,-49.5,-19.7
