year,t2_c
1940,-26.72
1941,-24.44
1942,-27.34
1943,-30.12
1944,-28.10
1945,-26.94
1946,-26.08
1947,-27.07
1948,-28.36
1949,-29.67
1950,-27.57
1951,-28.51
1952,-26.98
1953,-27.87
1954,-26.33
1955,-26.52
1956,-26.81
1957,-27.93
1958,-26.57
1959,-27.13
1960,-25.54
1961,-27.52
1962,-28.17
1963,-26.76
1964,-26.81
1965,-26.43
1966,-28.99
1967,-28.71
1968,-26.66
1969,-27.31
1970,-27.20
1971,-29.70
1972,-27.18
1973,-28.30
1974,-27.45
1975,-27.83
1976,-26.50
1977,-27.47
1978,-27.69
1979,-27.90
1980,-27.24
1981,-29.47
1982,-28.84
1983,-28.74
1984,-27.68
1985,-27.13
1986,-27.53
1987,-26.00
1988,-27.87
1989,-28.43
1990,-27.86
1991,-28.08
1992,-29.58
1993,-28.06
1994,-28.23
1995,-27.27
1996,-26.29
1997,-26.98
1998,-26.96
1999,-27.06
2000,-27.65
2001,-26.47
2002,-26.45
2003,-25.81
2004,-27.00
2005,-26.35
2006,-27.46
2007,-27.46
2008,-26.94
2009,-28.35
2010,-24.15
2011,-28.30
2012,-26.12
2013,-27.81
2014,-26.69
2015,-28.41
2016,-25.04
2017,-26.37
2018,-26.60
2019,-26.26
2020,-27.51
2021,-26.21
2022,-25.62
2023,-26.41
2024,-26.75
2025,-23.93
