date,ph_calc,ph_meas
1988-10-31,8.1097,
1988-12-02,8.1092,
1989-01-08,8.1168,
1989-02-26,8.1316,
1989-03-27,8.1218,
1989-05-18,8.1158,
1989-06-24,8.1018,
1989-07-29,8.0991,
1989-08-24,8.0930,
1989-09-22,8.0990,
1989-10-18,8.0858,
1989-11-27,8.1101,
1990-01-05,8.1332,
1990-02-15,8.1229,
1990-03-19,8.1340,
1990-04-13,8.1229,
1990-05-09,8.1167,
1990-06-13,8.1232,
1990-07-25,8.1084,
1990-09-14,8.0850,
1990-12-18,8.1212,
1991-02-03,8.1256,
1991-03-07,8.1263,
1991-04-10,8.1231,
1991-05-08,8.1144,
1991-06-05,8.1139,
1991-07-10,8.1120,
1991-08-10,8.0992,
1991-09-18,8.0943,
1991-10-21,8.0981,
1991-12-07,8.1040,
1992-01-05,8.1177,
1992-02-15,8.1256,
1992-03-06,8.1190,
1992-04-17,8.1099,8.1070
1992-06-09,8.1152,8.0870
1992-07-05,8.0977,8.0910
1992-08-05,8.0956,8.0950
1992-09-23,8.0933,8.0930
1992-10-20,8.0870,
1992-11-24,8.1052,8.0990
1992-12-16,8.1161,8.1060
1993-01-20,8.1349,8.1220
1993-02-17,8.1325,8.1150
1993-04-15,8.1074,8.1110
1993-05-21,8.1105,8.1140
1993-09-15,8.0802,
1993-10-30,8.0940,8.1050
1994-01-20,8.1508,
1994-02-17,8.1357,
1994-03-09,8.1204,
1994-06-19,8.1021,
1994-07-25,8.0858,8.0950
1994-08-30,8.0883,8.0920
1994-09-23,8.0875,8.0890
1994-10-15,8.0880,8.0870
1994-11-19,8.1048,8.1030
1995-02-06,8.1099,8.1120
1995-03-04,8.1171,8.1130
1995-04-06,8.1038,8.1030
1995-05-07,8.1149,8.1110
1995-07-30,8.0937,8.0860
1995-08-29,8.0933,8.0870
1995-09-26,8.0886,8.0750
1995-10-27,8.0997,8.0890
1995-11-17,8.1135,8.0970
1996-01-17,8.1074,8.1040
1996-03-27,8.1122,8.1140
1996-04-24,8.1066,8.1060
1996-05-22,8.0946,8.0900
1996-06-26,8.0902,8.0780
1996-07-27,8.0889,8.0840
1996-08-21,8.0829,8.0780
1996-10-02,8.0836,8.0840
1996-10-30,8.0924,8.0910
1996-12-11,8.1014,8.1130
1997-01-08,8.1102,8.1150
1997-02-18,8.0856,8.0880
1997-03-12,8.1138,8.0920
1997-04-09,8.1155,8.0880
1997-05-07,8.1010,8.1000
1997-06-04,8.1058,8.1010
1997-07-09,8.0895,8.0910
1997-08-02,8.0890,8.0860
1997-09-25,8.0805,8.0800
1997-12-05,8.1083,8.1070
1998-01-11,8.1097,8.1110
1998-02-19,8.1135,8.1170
1998-03-18,8.1044,8.1010
1998-04-15,8.1078,8.1090
1998-05-13,8.1050,8.1110
1998-06-17,8.0937,8.0960
1998-07-15,8.0805,
1998-08-10,8.0818,
1998-09-28,8.0760,
1998-10-19,8.0818,
1998-11-11,8.0825,
1998-12-09,8.0948,
1999-01-13,8.0895,
1999-02-18,8.0997,
1999-03-17,8.1350,
1999-04-14,8.1230,
1999-05-10,8.1000,
1999-07-14,8.0938,
1999-08-13,8.0759,
1999-10-15,8.0711,
1999-11-09,8.0824,
1999-12-15,8.0818,
2000-02-03,8.0966,
2000-03-01,8.0946,
2000-03-29,8.0942,
2000-04-26,8.0941,
2000-05-25,8.0677,
2000-06-21,8.0831,
2000-07-26,8.0872,
2000-08-23,8.0827,
2000-10-18,8.0678,
2000-11-30,8.0950,
2000-12-20,8.0922,
2001-01-17,8.0929,
2001-02-14,8.0881,
2001-03-21,8.0894,
2001-04-18,8.0938,
2001-05-16,8.0948,
2001-06-14,8.0984,
2001-07-11,8.0857,
2001-08-08,8.0757,
2001-10-02,8.0680,
2001-10-23,8.0885,
2001-11-17,8.0814,
2001-12-14,8.0925,
2002-01-16,8.0959,
2002-02-21,8.1080,
2002-03-13,8.1085,
2002-05-21,8.0811,
2002-06-29,8.0710,
2002-08-28,8.0706,
2002-10-07,8.0862,
2002-11-04,8.0876,
2002-11-25,8.0876,
2002-12-19,8.0937,
2003-01-17,8.1025,
2003-02-26,8.1040,
2003-03-29,8.1016,
2003-04-24,8.0963,
2003-05-21,8.0905,
2003-06-20,8.0824,8.0830
2003-07-20,8.0777,8.0650
2003-08-21,8.0829,8.0710
2003-10-15,8.0873,8.0830
2003-11-10,8.0884,8.0830
2003-12-20,8.1134,8.1070
2004-01-22,8.0967,8.1030
2004-02-25,8.1096,8.0970
2004-03-20,8.1244,8.1140
2004-04-21,8.0988,8.0940
2004-05-19,8.0878,8.0830
2004-06-16,8.0852,8.0810
2004-07-13,8.0701,8.0790
2004-08-16,8.0710,8.0780
2004-09-29,8.0705,8.0780
2004-10-31,8.0836,8.0800
2004-11-28,8.0898,8.0940
2004-12-21,8.0992,8.0940
2005-02-02,8.0963,8.1000
2005-03-05,8.1065,8.1040
2005-05-18,8.0899,8.0840
2005-06-15,8.0809,8.0830
2005-07-17,8.0664,8.0760
2005-08-14,8.0751,8.0750
2005-09-10,8.0601,8.0780
2005-10-09,8.0777,8.0800
2005-11-12,8.0843,8.0880
2005-12-13,8.0888,8.0920
2006-01-25,8.1135,8.0950
2006-02-15,8.0953,8.0970
2006-03-10,8.1084,8.1010
2006-04-02,8.1040,8.1090
2006-05-27,8.0901,8.0860
2006-06-14,8.0646,8.0760
2006-07-13,8.0804,8.0760
2006-08-09,8.0723,8.0790
2006-09-16,8.0770,8.0690
2006-10-21,8.0679,8.0700
2006-11-09,8.0772,8.0690
2006-12-10,8.0908,8.0890
2007-02-07,8.1047,8.1000
2007-03-21,8.0973,8.0980
2007-05-05,8.0808,8.0830
2007-07-08,8.0631,8.0760
2007-08-04,8.0660,8.0700
2007-09-03,8.0616,8.0590
2007-10-03,8.0639,8.0650
2007-12-02,8.0678,8.0850
2007-12-21,8.0856,8.0800
2008-01-30,8.0957,8.0970
2008-02-24,8.0957,8.0820
2008-05-28,8.0694,8.0720
2008-06-26,8.0735,8.0750
2008-07-27,8.0635,8.0630
2008-08-17,8.0729,8.0700
2008-10-11,8.0799,8.0820
2008-12-01,8.0816,8.0850
2009-01-21,8.0996,8.0980
2009-02-18,8.1084,8.1010
2009-04-29,8.0898,8.0890
2009-05-28,8.0693,8.0700
2009-07-04,8.0676,8.0590
2009-07-25,8.0584,8.0560
2009-08-19,8.0614,8.0570
2009-09-25,8.0541,8.0570
2009-11-04,8.0667,8.0600
2009-12-10,8.0801,8.0740
2010-03-10,8.0969,8.0920
2010-04-07,8.0968,8.0880
2010-05-19,8.0839,8.0750
2010-06-09,8.0688,8.0630
2010-07-09,8.0703,8.0640
2010-08-08,8.0785,8.0660
2010-09-04,8.0691,8.0660
2010-10-04,8.0651,8.0660
2010-11-21,8.0715,8.0750
2011-01-29,8.0891,8.0860
2011-03-01,8.0918,8.0820
2011-04-12,8.0885,8.0840
2011-05-10,8.0797,8.0810
2011-07-20,8.0696,8.0740
2011-08-30,8.0717,8.0780
2011-09-27,8.0645,8.0740
2011-11-05,8.0674,8.0710
2011-11-29,8.0802,8.0830
2011-12-20,8.0811,8.0860
2012-01-19,8.0876,8.0820
2012-03-25,8.0905,8.0870
2012-05-02,8.0789,8.0780
2012-05-31,8.0725,8.0760
2012-06-27,8.0664,8.0680
2012-08-01,8.0563,8.0610
2012-08-18,8.0499,8.0580
2012-09-15,8.0477,8.0550
2012-10-08,8.0587,8.0560
2012-12-04,8.0697,8.0690
2013-02-13,8.0821,8.0830
2013-03-07,8.0840,8.0840
2013-04-06,8.0822,8.0830
2013-05-18,8.0571,8.0590
2013-06-26,8.0581,8.0590
2013-09-12,8.0499,8.0520
2013-10-02,8.0633,8.0590
2013-10-28,8.0563,8.0570
2013-11-27,8.0733,8.0710
2013-12-21,8.0824,8.0850
2014-01-16,8.0817,8.0800
2014-02-15,8.0888,8.0850
2014-03-06,8.0806,8.0800
2014-04-11,8.0857,8.0860
2014-06-01,8.0751,8.0680
2014-07-01,8.0600,8.0630
2014-09-15,8.0417,8.0470
2014-10-14,8.0516,8.0520
2014-11-22,8.0709,8.0750
2014-12-17,8.0744,8.0780
2015-02-25,8.0781,8.0730
2015-03-29,8.0776,8.0820
2015-04-22,8.0822,8.0780
2015-05-24,8.0764,8.0760
2015-06-20,8.0580,8.0680
2015-07-20,8.0424,8.0490
2015-08-13,8.0536,8.0480
2015-10-14,8.0639,8.0590
2015-11-14,8.0670,8.0720
2015-12-09,8.0711,8.0730
2016-01-13,8.0818,8.0790
2016-02-10,8.0814,8.0820
2016-03-09,8.0832,8.0840
2016-04-15,8.0779,8.0750
2016-05-29,8.0642,8.0610
2016-07-12,8.0581,8.0610
2016-08-10,8.0572,8.0580
2016-10-16,8.0551,8.0580
2016-11-27,8.0676,8.0750
2017-01-24,8.0702,8.0780
2017-02-23,8.0742,8.0820
2017-03-29,8.0775,8.0750
2017-04-26,8.0652,8.0680
2017-05-24,8.0634,8.0670
2017-06-21,8.0511,8.0590
2017-08-09,8.0494,8.0520
2017-10-07,8.0517,8.0560
2017-11-09,8.0622,8.0620
2017-12-13,8.0811,8.0820
2018-02-26,8.0803,8.0830
2018-04-18,8.0816,8.0690
2018-05-16,8.0758,8.0700
2018-06-27,8.0541,8.0530
2018-07-25,8.0548,8.0520
2018-09-11,8.0403,8.0460
2018-10-13,8.0576,
2018-11-17,8.0608,8.0530
2019-01-16,8.0704,8.0780
2019-02-20,8.0754,8.0810
2019-05-03,8.0592,8.0630
2019-06-12,8.0438,8.0420
2019-07-02,8.0430,8.0480
2019-08-03,8.0391,8.0460
2019-09-05,8.0272,8.0390
2019-10-18,8.0494,8.0520
2019-12-19,8.0580,8.0620
2020-01-08,8.0672,8.0660
2020-01-31,8.0612,8.0690
2020-07-16,8.0402,8.0420
2020-08-08,8.0414,8.0480
2020-09-01,8.0494,8.0470
2020-09-27,8.0426,8.0370
2020-11-19,8.0591,8.0530
2020-12-19,8.0616,8.0550
2021-01-13,8.0706,8.0690
2021-02-17,8.0618,8.0650
2021-03-24,8.0714,8.0730
2021-04-14,8.0728,8.0750
2021-05-17,8.0557,8.0550
2021-06-23,8.0423,8.0450
2021-07-17,8.0366,8.0420
2021-10-29,8.0473,8.0560
2021-12-05,8.0474,8.0490
2022-03-28,8.0522,8.0600
2022-05-27,8.0376,8.0440
2022-07-10,8.0491,8.0470
2022-07-31,8.0368,8.0380
2022-09-01,8.0341,8.0400
2023-01-24,8.0512,8.0540
2023-03-29,8.0462,8.0560
2023-05-27,8.0308,8.0360
2023-08-11,8.0256,8.0330
2023-09-17,8.0297,8.0380
2023-10-09,8.0374,8.0430
2023-11-06,8.0321,8.0390
2023-11-29,8.0379,8.0460
2023-12-28,8.0447,8.0530
2024-04-03,8.0595,8.0550
2024-04-29,8.0467,8.0490
2024-07-18,8.0325,
2024-08-18,8.0307,
2024-09-08,8.0338,8.0410
2024-10-12,8.0279,8.0360
2024-12-20,8.0550,8.0590
