date,pole,volume,volume_unc,area,coverage
2023-10-23,north,5.208,0.478,6.049,0.985
2023-10-30,north,6.005,0.509,7.149,0.989
2023-11-06,north,6.852,0.528,7.758,0.989
2023-11-13,north,7.659,0.566,8.306,0.991
2023-11-20,north,8.381,0.602,8.801,0.990
2023-11-27,north,8.601,0.624,8.858,0.988
2023-12-04,north,9.130,0.741,9.334,0.986
2023-12-11,north,9.723,0.802,9.844,0.987
2023-12-18,north,10.438,0.890,10.420,0.989
2023-12-25,north,11.469,0.921,11.016,0.990
2024-01-01,north,11.897,0.919,11.322,0.990
2024-01-08,north,12.366,1.000,11.821,0.990
2024-01-15,north,12.779,1.153,11.931,0.990
2024-01-22,north,13.354,1.156,12.243,0.990
2024-01-29,north,13.687,1.303,12.129,0.990
2024-02-05,north,14.187,1.357,12.102,0.990
2024-02-12,north,14.931,1.586,12.464,0.989
2024-02-19,north,15.318,1.517,12.570,0.989
2024-02-26,north,16.073,1.721,12.720,0.990
2024-03-04,north,16.334,1.769,12.667,0.990
2024-03-11,north,16.630,1.793,12.976,0.990
2024-03-18,north,16.885,1.821,12.796,0.990
2024-03-25,north,17.062,1.888,12.831,0.990
2024-04-01,north,17.129,1.879,12.558,0.990
2024-04-08,north,17.092,1.990,12.427,0.991
2024-04-15,north,,,,0.000
2024-04-22,north,,,,0.000
2024-04-29,north,,,,0.000
2024-10-07,north,,,,0.000
2024-10-14,north,,,,0.000
2024-10-21,north,4.771,0.403,5.046,0.983
2024-10-28,north,5.504,0.473,6.007,0.990
2024-11-04,north,6.224,0.515,6.610,0.990
2024-11-11,north,7.263,0.584,7.423,0.990
2024-11-18,north,7.705,0.614,7.794,0.991
2024-11-25,north,8.425,0.600,8.256,0.992
2024-12-02,north,9.102,0.657,8.754,0.992
2024-12-09,north,9.746,0.740,9.170,0.991
2024-12-16,north,10.299,0.754,9.473,0.992
2024-12-23,north,10.911,0.861,10.064,0.991
2024-12-30,north,11.414,0.899,10.174,0.989
2025-01-06,north,11.879,0.914,10.493,0.990
2025-01-13,north,12.469,1.062,10.933,0.991
2025-01-20,north,13.096,1.083,11.262,0.992
2025-01-27,north,13.284,1.185,11.377,0.991
2025-02-03,north,13.585,1.470,11.129,0.990
2025-02-10,north,14.484,1.646,11.230,0.990
2025-02-17,north,15.440,1.640,11.578,0.990
2025-02-24,north,16.077,1.639,11.619,0.990
2025-03-03,north,16.711,1.985,11.719,0.990
2025-03-10,north,17.110,1.782,11.815,0.990
2025-03-17,north,17.540,1.995,11.870,0.991
2025-03-24,north,17.503,1.927,11.884,0.991
2025-03-31,north,17.530,2.040,11.779,0.992
2025-04-07,north,17.597,1.973,11.815,0.991
2025-04-14,north,,,,0.000
2025-04-21,north,,,,0.000
2025-04-21,south,4.643,0.961,5.362,0.978
2025-04-28,north,,,,0.000
2025-04-28,south,5.084,1.098,6.052,0.980
2025-05-05,south,5.539,1.199,6.652,0.982
2025-05-12,south,6.429,1.329,7.441,0.983
2025-05-19,south,7.283,1.442,7.883,0.983
2025-05-26,south,8.169,1.576,8.479,0.984
2025-06-02,south,8.760,1.612,8.917,0.984
2025-06-09,south,9.421,1.756,9.513,0.985
2025-06-16,south,9.986,1.862,10.179,0.985
2025-06-23,south,10.766,2.049,10.985,0.987
2025-06-30,south,11.488,2.226,11.601,0.987
2025-07-07,south,12.190,2.479,12.167,0.988
2025-07-14,south,12.360,2.461,12.271,0.984
2025-07-21,south,13.321,2.671,12.688,0.984
2025-07-28,south,14.264,2.944,13.217,0.986
2025-08-04,south,14.998,3.012,13.579,0.986
2025-08-11,south,14.621,3.078,13.752,0.987
2025-08-18,south,14.660,3.153,14.179,0.987
2025-08-25,south,15.602,3.266,14.600,0.987
2025-09-01,south,15.517,3.451,14.933,0.986
2025-09-08,south,15.719,3.499,14.945,0.987
2025-09-15,south,13.835,3.311,15.002,0.987
2025-09-22,south,12.611,3.237,14.792,0.987
2025-09-29,south,12.950,3.101,14.781,0.987
2025-10-06,north,,,,0.000
2025-10-06,south,12.056,3.140,14.493,0.987
2025-10-13,north,,,,0.000
2025-10-13,south,10.434,2.832,14.216,0.987
2025-10-20,north,5.468,0.428,5.249,0.981
2025-10-20,south,,,,0.000
2025-10-27,north,6.285,0.500,6.044,0.986
2025-10-27,south,,,,0.000
2025-11-03,north,7.181,0.520,6.587,0.986
2025-11-03,south,,,,0.000
2025-11-10,north,7.935,0.537,7.100,0.986
2025-11-10,south,,,,0.000
2025-11-17,north,8.282,0.594,7.388,0.988
2025-11-17,south,,,,0.000
2025-11-24,north,8.584,0.594,7.818,0.986
2025-11-24,south,,,,0.000
2025-12-01,north,9.107,0.651,8.073,0.987
2025-12-01,south,,,,0.000
2025-12-08,north,9.611,0.741,8.660,0.986
2025-12-08,south,,,,0.000
2025-12-15,north,10.124,0.936,9.073,0.986
2025-12-15,south,,,,0.000
2025-12-22,north,10.471,0.935,9.636,0.987
2025-12-22,south,,,,0.000
2025-12-29,north,11.540,0.929,10.111,0.987
2025-12-29,south,,,,0.000
2026-01-05,north,12.000,1.023,10.487,0.986
2026-01-05,south,,,,0.000
2026-01-12,north,12.522,1.118,10.906,0.987
2026-01-12,south,,,,0.000
2026-01-19,north,13.136,1.269,10.941,0.986
2026-01-19,south,,,,0.000
2026-01-26,north,13.668,1.283,11.186,0.986
2026-01-26,south,,,,0.000
2026-02-02,north,14.085,1.408,11.533,0.985
2026-02-02,south,,,,0.000
2026-02-09,north,14.488,1.445,11.753,0.987
2026-02-09,south,,,,0.000
2026-02-16,north,15.011,1.622,11.939,0.986
2026-02-16,south,,,,0.000
2026-02-23,north,15.036,1.541,11.845,0.987
2026-02-23,south,,,,0.000
2026-03-02,north,15.372,1.754,11.809,0.985
2026-03-02,south,,,,0.000
2026-03-09,north,15.746,1.750,11.868,0.987
2026-03-09,south,,,,0.000
2026-03-16,north,16.467,1.840,11.819,0.986
2026-03-16,south,,,,0.000
2026-03-23,north,16.870,1.875,11.701,0.986
2026-03-23,south,,,,0.000
2026-03-30,north,17.558,1.912,11.770,0.986
2026-03-30,south,,,,0.000
2026-04-06,north,17.649,1.979,11.700,0.987
2026-04-06,south,,,,0.000
2026-04-13,south,,,,0.000
2026-04-20,south,4.458,0.937,5.190,0.976
2026-04-27,south,5.348,1.100,6.001,0.977
2026-05-04,south,6.293,1.282,6.606,0.979
2026-05-11,south,6.814,1.310,7.344,0.980
2026-05-18,south,7.656,1.484,7.917,0.980
2026-05-25,south,8.709,1.570,8.629,0.981
2026-06-01,south,9.326,1.665,9.272,0.983
2026-06-08,south,9.395,1.792,9.806,0.983
2026-06-15,south,10.351,1.882,10.366,0.984
2026-06-22,south,11.320,2.077,11.240,0.985
2026-06-29,south,12.100,2.281,11.762,0.986
2026-07-06,south,12.448,2.597,12.183,0.986
2026-07-13,south,13.205,2.744,12.714,0.986
2026-07-20,south,13.476,2.674,12.938,0.987
2026-07-27,south,13.779,2.589,13.378,0.986
2026-08-03,south,14.367,2.810,13.814,0.986
2026-08-10,south,14.494,3.043,13.449,0.985
2026-08-17,south,13.876,2.865,13.621,0.985
2026-08-24,south,15.242,3.032,14.074,0.986
2026-08-31,south,16.148,3.059,14.667,0.985
2026-09-07,south,16.398,3.180,14.500,0.986
2026-09-14,south,15.638,3.158,14.525,0.985
2026-09-21,south,14.293,2.915,14.316,0.987
2026-09-28,south,13.262,2.908,13.859,0.987
