date,pole,volume,area,src
1993-01-01,north,25.925,13.504,my
1993-01-01,south,2.874,3.368,my
1993-02-01,north,27.658,14.263,my
1993-02-01,south,1.206,1.480,my
1993-03-01,north,28.855,14.298,my
1993-03-01,south,1.425,2.450,my
1993-04-01,north,28.799,13.485,my
1993-04-01,south,3.159,5.375,my
1993-05-01,north,27.379,12.089,my
1993-05-01,south,5.890,8.755,my
1993-06-01,north,22.868,10.082,my
1993-06-01,south,8.703,11.770,my
1993-07-01,north,15.995,7.627,my
1993-07-01,south,11.559,14.267,my
1993-08-01,north,12.649,5.851,my
1993-08-01,south,13.305,15.458,my
1993-09-01,north,12.288,5.471,my
1993-09-01,south,14.573,16.239,my
1993-10-01,north,14.441,7.750,my
1993-10-01,south,14.299,15.594,my
1993-11-01,north,17.299,10.231,my
1993-11-01,south,12.638,13.642,my
1993-12-01,north,20.398,12.005,my
1993-12-01,south,7.461,8.587,my
1994-01-01,north,23.536,13.466,my
1994-01-01,south,3.439,3.948,my
1994-02-01,north,26.123,14.229,my
1994-02-01,south,2.111,2.320,my
1994-03-01,north,27.910,14.101,my
1994-03-01,south,2.589,3.404,my
1994-04-01,north,28.569,13.549,my
1994-04-01,south,4.307,5.917,my
1994-05-01,north,27.574,12.200,my
1994-05-01,south,6.895,9.095,my
1994-06-01,north,24.283,10.466,my
1994-06-01,south,9.745,12.072,my
1994-07-01,north,17.969,8.207,my
1994-07-01,south,12.454,14.685,my
1994-08-01,north,14.086,6.321,my
1994-08-01,south,14.329,15.881,my
1994-09-01,north,13.466,5.984,my
1994-09-01,south,14.989,16.224,my
1994-10-01,north,15.112,7.828,my
1994-10-01,south,14.635,15.518,my
1994-11-01,north,17.975,10.202,my
1994-11-01,south,13.005,13.774,my
1994-12-01,north,20.899,11.936,my
1994-12-01,south,7.994,8.810,my
1995-01-01,north,23.622,13.263,my
1995-01-01,south,3.648,4.396,my
1995-02-01,north,25.749,13.820,my
1995-02-01,south,2.062,2.299,my
1995-03-01,north,27.149,13.837,my
1995-03-01,south,2.381,3.134,my
1995-04-01,north,26.784,12.949,my
1995-04-01,south,4.106,5.874,my
1995-05-01,north,25.391,11.605,my
1995-05-01,south,6.797,9.068,my
1995-06-01,north,21.604,9.698,my
1995-06-01,south,9.511,11.828,my
1995-07-01,north,15.423,7.478,my
1995-07-01,south,11.989,14.181,my
1995-08-01,north,11.427,5.569,my
1995-08-01,south,14.081,15.898,my
1995-09-01,north,11.323,5.334,my
1995-09-01,south,14.735,15.989,my
1995-10-01,north,12.404,6.919,my
1995-10-01,south,13.937,14.975,my
1995-11-01,north,15.183,9.661,my
1995-11-01,south,12.217,12.988,my
1995-12-01,north,18.580,11.731,my
1995-12-01,south,8.075,8.976,my
1996-01-01,north,21.874,12.907,my
1996-01-01,south,3.417,4.303,my
1996-02-01,north,24.759,13.780,my
1996-02-01,south,1.488,1.926,my
1996-03-01,north,26.012,13.616,my
1996-03-01,south,1.816,2.867,my
1996-04-01,north,26.313,12.974,my
1996-04-01,south,3.851,6.097,my
1996-05-01,north,25.663,11.884,my
1996-05-01,south,6.712,9.611,my
1996-06-01,north,23.206,10.537,my
1996-06-01,south,9.713,12.504,my
1996-07-01,north,17.759,8.401,my
1996-07-01,south,12.093,14.422,my
1996-08-01,north,14.614,6.748,my
1996-08-01,south,13.755,15.737,my
1996-09-01,north,14.645,6.612,my
1996-09-01,south,14.604,16.249,my
1996-10-01,north,16.573,8.224,my
1996-10-01,south,14.148,15.331,my
1996-11-01,north,18.417,9.401,my
1996-11-01,south,11.970,13.150,my
1996-12-01,north,21.197,11.559,my
1996-12-01,south,6.792,8.351,my
1997-01-01,north,24.553,13.068,my
1997-01-01,south,2.592,3.243,my
1997-02-01,north,27.109,14.022,my
1997-02-01,south,1.450,1.692,my
1997-03-01,north,28.071,13.910,my
1997-03-01,south,1.685,2.360,my
1997-04-01,north,27.952,13.099,my
1997-04-01,south,3.536,5.331,my
1997-05-01,north,26.833,11.866,my
1997-05-01,south,6.379,8.895,my
1997-06-01,north,23.538,10.111,my
1997-06-01,south,9.294,11.680,my
1997-07-01,north,17.058,7.794,my
1997-07-01,south,12.010,14.318,my
1997-08-01,north,13.519,6.000,my
1997-08-01,south,13.830,15.709,my
1997-09-01,north,13.604,5.924,my
1997-09-01,south,14.349,16.111,my
1997-10-01,north,14.952,7.405,my
1997-10-01,south,14.100,15.535,my
1997-11-01,north,17.762,9.763,my
1997-11-01,south,12.145,13.408,my
1997-12-01,north,21.164,11.845,my
1997-12-01,south,7.344,8.741,my
1998-01-01,north,24.909,13.455,my
1998-01-01,south,3.102,3.627,my
1998-02-01,north,27.911,14.421,my
1998-02-01,south,1.798,2.061,my
1998-03-01,north,29.319,14.281,my
1998-03-01,south,2.012,2.964,my
1998-04-01,north,29.338,13.504,my
1998-04-01,south,3.768,5.710,my
1998-05-01,north,28.158,12.118,my
1998-05-01,south,6.535,9.018,my
1998-06-01,north,24.158,10.127,my
1998-06-01,south,9.103,11.764,my
1998-07-01,north,17.779,7.742,my
1998-07-01,south,11.502,14.284,my
1998-08-01,north,13.903,5.999,my
1998-08-01,south,13.398,15.808,my
1998-09-01,north,13.015,5.491,my
1998-09-01,south,14.223,16.403,my
1998-10-01,north,14.920,7.503,my
1998-10-01,south,14.128,15.948,my
1998-11-01,north,17.749,9.513,my
1998-11-01,south,12.005,13.586,my
1998-12-01,north,21.053,11.598,my
1998-12-01,south,7.104,8.808,my
1999-01-01,north,24.521,13.190,my
1999-01-01,south,2.756,3.662,my
1999-02-01,north,27.552,14.082,my
1999-02-01,south,1.460,1.860,my
1999-03-01,north,29.311,14.053,my
1999-03-01,south,1.783,2.846,my
1999-04-01,north,30.219,13.706,my
1999-04-01,south,3.572,5.622,my
1999-05-01,north,29.034,12.341,my
1999-05-01,south,6.177,8.931,my
1999-06-01,north,25.300,10.297,my
1999-06-01,south,9.007,12.232,my
1999-07-01,north,18.986,7.846,my
1999-07-01,south,11.422,14.712,my
1999-08-01,north,14.077,5.940,my
1999-08-01,south,13.062,15.943,my
1999-09-01,north,13.194,5.207,my
1999-09-01,south,13.851,16.263,my
1999-10-01,north,15.359,7.620,my
1999-10-01,south,13.617,15.733,my
1999-11-01,north,18.182,9.831,my
1999-11-01,south,11.545,13.322,my
1999-12-01,north,20.717,11.482,my
1999-12-01,south,7.099,8.681,my
2000-01-01,north,23.734,12.920,my
2000-01-01,south,3.033,3.722,my
2000-02-01,north,26.072,13.715,my
2000-02-01,south,1.650,1.903,my
2000-03-01,north,27.325,13.818,my
2000-03-01,south,2.006,2.858,my
2000-04-01,north,27.769,13.149,my
2000-04-01,south,3.891,5.878,my
2000-05-01,north,27.066,11.786,my
2000-05-01,south,6.752,9.628,my
2000-06-01,north,23.376,9.798,my
2000-06-01,south,9.534,12.556,my
2000-07-01,north,17.337,7.696,my
2000-07-01,south,12.033,14.554,my
2000-08-01,north,13.716,5.735,my
2000-08-01,south,13.837,16.201,my
2000-09-01,north,13.208,5.342,my
2000-09-01,south,14.310,16.583,my
2000-10-01,north,15.196,7.363,my
2000-10-01,south,13.861,15.702,my
2000-11-01,north,18.073,9.447,my
2000-11-01,south,11.999,13.415,my
2000-12-01,north,21.303,11.456,my
2000-12-01,south,7.517,8.697,my
2001-01-01,north,24.744,12.948,my
2001-01-01,south,3.630,4.231,my
2001-02-01,north,27.235,13.800,my
2001-02-01,south,2.042,2.551,my
2001-03-01,north,29.055,14.259,my
2001-03-01,south,2.309,3.496,my
2001-04-01,north,29.787,13.474,my
2001-04-01,south,3.877,5.803,my
2001-05-01,north,28.816,12.079,my
2001-05-01,south,6.475,8.977,my
2001-06-01,north,25.609,10.035,my
2001-06-01,south,9.100,11.895,my
2001-07-01,north,19.200,7.477,my
2001-07-01,south,11.517,14.182,my
2001-08-01,north,15.902,6.047,my
2001-08-01,south,12.923,15.411,my
2001-09-01,north,15.389,5.700,my
2001-09-01,south,13.675,15.758,my
2001-10-01,north,17.183,7.389,my
2001-10-01,south,12.807,14.796,my
2001-11-01,north,19.425,9.630,my
2001-11-01,south,10.796,12.650,my
2001-12-01,north,21.649,11.248,my
2001-12-01,south,6.304,8.135,my
2002-01-01,north,24.743,12.901,my
2002-01-01,south,2.686,3.610,my
2002-02-01,north,27.655,14.095,my
2002-02-01,south,1.546,1.774,my
2002-03-01,north,29.039,14.016,my
2002-03-01,south,1.756,2.523,my
2002-04-01,north,29.172,12.990,my
2002-04-01,south,3.227,5.108,my
2002-05-01,north,28.239,11.751,my
2002-05-01,south,5.726,8.319,my
2002-06-01,north,24.413,9.956,my
2002-06-01,south,8.334,11.036,my
2002-07-01,north,18.297,7.656,my
2002-07-01,south,11.285,13.933,my
2002-08-01,north,14.208,5.544,my
2002-08-01,south,13.500,15.275,my
2002-09-01,north,13.104,4.974,my
2002-09-01,south,14.510,15.904,my
2002-10-01,north,15.021,7.098,my
2002-10-01,south,14.437,15.455,my
2002-11-01,north,17.627,9.372,my
2002-11-01,south,12.662,13.395,my
2002-12-01,north,20.457,11.393,my
2002-12-01,south,8.607,9.273,my
2003-01-01,north,23.512,13.037,my
2003-01-01,south,4.261,4.875,my
2003-02-01,north,25.892,13.906,my
2003-02-01,south,2.353,2.740,my
2003-03-01,north,27.500,14.039,my
2003-03-01,south,2.490,3.370,my
2003-04-01,north,27.551,13.147,my
2003-04-01,south,4.355,5.998,my
2003-05-01,north,26.132,11.570,my
2003-05-01,south,7.326,9.404,my
2003-06-01,north,22.848,10.024,my
2003-06-01,south,10.463,12.527,my
2003-07-01,north,16.188,7.533,my
2003-07-01,south,12.947,14.719,my
2003-08-01,north,12.618,5.655,my
2003-08-01,south,14.233,15.562,my
2003-09-01,north,11.731,5.070,my
2003-09-01,south,14.523,15.837,my
2003-10-01,north,13.208,6.852,my
2003-10-01,south,14.156,15.470,my
2003-11-01,north,16.104,9.276,my
2003-11-01,south,12.186,13.371,my
2003-12-01,north,19.170,11.345,my
2003-12-01,south,7.804,9.083,my
2004-01-01,north,22.221,12.904,my
2004-01-01,south,3.729,4.524,my
2004-02-01,north,24.819,13.564,my
2004-02-01,south,2.008,2.498,my
2004-03-01,north,26.981,13.705,my
2004-03-01,south,2.278,3.308,my
2004-04-01,north,27.134,12.761,my
2004-04-01,south,4.150,6.056,my
2004-05-01,north,26.385,11.517,my
2004-05-01,south,7.009,9.208,my
2004-06-01,north,23.120,9.974,my
2004-06-01,south,9.925,12.267,my
2004-07-01,north,17.270,7.847,my
2004-07-01,south,12.523,14.705,my
2004-08-01,north,13.381,5.934,my
2004-08-01,south,13.905,15.831,my
2004-09-01,north,12.278,5.235,my
2004-09-01,south,14.494,16.246,my
2004-10-01,north,14.089,7.068,my
2004-10-01,south,14.010,15.516,my
2004-11-01,north,16.836,9.425,my
2004-11-01,south,12.318,13.588,my
2004-12-01,north,20.120,11.461,my
2004-12-01,south,7.446,8.785,my
2005-01-01,north,22.879,12.390,my
2005-01-01,south,3.176,3.703,my
2005-02-01,north,24.818,12.932,my
2005-02-01,south,1.904,1.951,my
2005-03-01,north,26.610,13.359,my
2005-03-01,south,2.255,2.867,my
2005-04-01,north,27.323,12.748,my
2005-04-01,south,4.128,5.743,my
2005-05-01,north,26.158,11.472,my
2005-05-01,south,6.644,8.936,my
2005-06-01,north,21.436,9.549,my
2005-06-01,south,9.360,11.840,my
2005-07-01,north,15.065,7.110,my
2005-07-01,south,11.986,14.312,my
2005-08-01,north,10.922,5.104,my
2005-08-01,south,13.697,15.875,my
2005-09-01,north,10.333,4.728,my
2005-09-01,south,14.819,16.463,my
2005-10-01,north,11.859,6.494,my
2005-10-01,south,14.252,15.757,my
2005-11-01,north,14.784,9.317,my
2005-11-01,south,12.408,13.712,my
2005-12-01,north,18.011,11.145,my
2005-12-01,south,7.141,8.503,my
2006-01-01,north,20.888,12.216,my
2006-01-01,south,2.879,3.333,my
2006-02-01,north,22.934,12.875,my
2006-02-01,south,1.651,1.774,my
2006-03-01,north,24.151,12.932,my
2006-03-01,south,1.717,2.201,my
2006-04-01,north,25.122,12.448,my
2006-04-01,south,3.274,4.781,my
2006-05-01,north,23.758,11.015,my
2006-05-01,south,5.690,8.123,my
2006-06-01,north,20.212,9.184,my
2006-06-01,south,8.919,11.951,my
2006-07-01,north,14.495,6.950,my
2006-07-01,south,11.531,14.475,my
2006-08-01,north,10.837,5.199,my
2006-08-01,south,13.765,16.059,my
2006-09-01,north,10.210,4.909,my
2006-09-01,south,14.935,16.768,my
2006-10-01,north,11.439,6.585,my
2006-10-01,south,14.872,16.379,my
2006-11-01,north,13.920,8.788,my
2006-11-01,south,12.472,13.667,my
2006-12-01,north,16.452,10.673,my
2006-12-01,south,7.249,8.430,my
2007-01-01,north,19.628,12.378,my
2007-01-01,south,3.157,3.928,my
2007-02-01,north,22.189,13.167,my
2007-02-01,south,1.699,2.028,my
2007-03-01,north,23.844,13.163,my
2007-03-01,south,1.991,2.786,my
2007-04-01,north,23.788,12.243,my
2007-04-01,south,3.674,5.300,my
2007-05-01,north,22.900,11.271,my
2007-05-01,south,6.461,8.544,my
2007-06-01,north,18.130,9.168,my
2007-06-01,south,9.701,11.921,my
2007-07-01,north,11.498,6.311,my
2007-07-01,south,12.582,14.475,my
2007-08-01,north,7.554,4.194,my
2007-08-01,south,14.600,15.829,my
2007-09-01,north,6.486,3.496,my
2007-09-01,south,16.055,16.779,my
2007-10-01,north,7.616,5.072,my
2007-10-01,south,15.861,16.054,my
2007-11-01,north,10.678,8.654,my
2007-11-01,south,13.701,13.821,my
2007-12-01,north,13.621,10.829,my
2007-12-01,south,9.586,9.893,my
2008-01-01,north,17.378,12.551,my
2008-01-01,south,4.677,5.306,my
2008-02-01,north,20.502,13.500,my
2008-02-01,south,2.486,2.472,my
2008-03-01,north,22.894,13.804,my
2008-03-01,south,3.227,3.957,my
2008-04-01,north,23.908,13.049,my
2008-04-01,south,5.506,7.011,my
2008-05-01,north,22.877,11.658,my
2008-05-01,south,8.067,9.702,my
2008-06-01,north,18.834,9.583,my
2008-06-01,south,11.178,12.597,my
2008-07-01,north,12.341,7.109,my
2008-07-01,south,13.571,14.466,my
2008-08-01,north,8.088,4.880,my
2008-08-01,south,15.469,15.645,my
2008-09-01,north,6.921,3.892,my
2008-09-01,south,16.306,15.977,my
2008-10-01,north,8.713,6.196,my
2008-10-01,south,16.052,15.569,my
2008-11-01,north,11.787,9.245,my
2008-11-01,south,14.033,13.828,my
2008-12-01,north,14.744,11.158,my
2008-12-01,south,8.583,9.163,my
2009-01-01,north,17.474,12.369,my
2009-01-01,south,3.841,4.566,my
2009-02-01,north,20.182,13.303,my
2009-02-01,south,2.119,2.204,my
2009-03-01,north,22.200,13.473,my
2009-03-01,south,2.550,3.240,my
2009-04-01,north,23.150,12.913,my
2009-04-01,south,4.805,6.515,my
2009-05-01,north,22.140,11.689,my
2009-05-01,south,7.586,9.601,my
2009-06-01,north,18.168,9.646,my
2009-06-01,south,10.460,12.375,my
2009-07-01,north,12.090,7.121,my
2009-07-01,south,13.012,14.572,my
2009-08-01,north,8.518,5.048,my
2009-08-01,south,15.331,16.301,my
2009-09-01,north,7.808,4.543,my
2009-09-01,south,16.669,16.691,my
2009-10-01,north,8.862,5.990,my
2009-10-01,south,16.072,15.907,my
2009-11-01,north,11.497,8.725,my
2009-11-01,south,14.301,13.922,my
2009-12-01,north,14.712,11.015,my
2009-12-01,south,9.266,9.240,my
2010-01-01,north,17.948,12.377,my
2010-01-01,south,4.590,4.530,my
2010-02-01,north,20.978,13.276,my
2010-02-01,south,2.805,2.436,my
2010-03-01,north,23.201,13.633,my
2010-03-01,south,2.939,2.941,my
2010-04-01,north,23.193,12.866,my
2010-04-01,south,4.629,5.541,my
2010-05-01,north,21.503,11.281,my
2010-05-01,south,7.577,9.252,my
2010-06-01,north,17.423,9.089,my
2010-06-01,south,11.399,12.920,my
2010-07-01,north,11.546,6.424,my
2010-07-01,south,14.503,15.218,my
2010-08-01,north,8.221,4.753,my
2010-08-01,south,16.762,16.566,my
2010-09-01,north,6.919,4.039,my
2010-09-01,south,16.754,16.297,my
2010-10-01,north,8.448,5.925,my
2010-10-01,south,16.045,15.964,my
2010-11-01,north,11.009,8.494,my
2010-11-01,south,13.166,13.908,my
2010-12-01,north,13.783,10.421,my
2010-12-01,south,7.509,9.314,my
2011-01-01,north,16.441,11.810,my
2011-01-01,south,3.072,3.905,my
2011-02-01,north,18.905,12.779,my
2011-02-01,south,1.867,1.857,my
2011-03-01,north,20.160,12.766,my
2011-03-01,south,2.050,2.393,my
2011-04-01,north,20.268,12.503,my
2011-04-01,south,3.559,4.916,my
2011-05-01,north,18.441,10.990,my
2011-05-01,south,6.451,8.755,my
2011-06-01,north,14.215,8.943,my
2011-06-01,south,9.573,11.920,my
2011-07-01,north,8.399,6.099,my
2011-07-01,south,12.467,14.112,my
2011-08-01,north,5.345,4.202,my
2011-08-01,south,15.206,16.081,my
2011-09-01,north,4.746,3.720,my
2011-09-01,south,16.317,16.510,my
2011-10-01,north,6.031,5.429,my
2011-10-01,south,15.552,15.769,my
2011-11-01,north,8.979,8.548,my
2011-11-01,south,13.400,13.770,my
2011-12-01,north,11.748,10.569,my
2011-12-01,south,8.664,9.499,my
2012-01-01,north,14.882,12.181,my
2012-01-01,south,4.019,4.418,my
2012-02-01,north,17.220,12.703,my
2012-02-01,south,2.452,2.488,my
2012-03-01,north,19.314,13.423,my
2012-03-01,south,2.663,3.239,my
2012-04-01,north,20.011,12.942,my
2012-04-01,south,4.662,6.144,my
2012-05-01,north,18.753,11.412,my
2012-05-01,south,7.566,9.169,my
2012-06-01,north,13.961,8.967,my
2012-06-01,south,10.460,11.991,my
2012-07-01,north,8.329,6.222,my
2012-07-01,south,13.379,14.613,my
2012-08-01,north,4.769,3.952,my
2012-08-01,south,15.592,16.101,my
2012-09-01,north,3.659,2.914,my
2012-09-01,south,16.694,16.785,my
2012-10-01,north,5.147,4.892,my
2012-10-01,south,16.124,16.004,my
2012-11-01,north,7.951,8.024,my
2012-11-01,south,14.222,14.154,my
2012-12-01,north,11.335,10.460,my
2012-12-01,south,9.197,9.538,my
2013-01-01,north,14.527,12.010,my
2013-01-01,south,4.342,4.730,my
2013-02-01,north,17.556,13.141,my
2013-02-01,south,2.645,2.762,my
2013-03-01,north,19.806,13.409,my
2013-03-01,south,2.949,3.672,my
2013-04-01,north,20.680,12.780,my
2013-04-01,south,4.852,6.337,my
2013-05-01,north,19.699,11.344,my
2013-05-01,south,7.744,9.521,my
2013-06-01,north,16.409,9.567,my
2013-06-01,south,10.795,12.612,my
2013-07-01,north,10.961,6.995,my
2013-07-01,south,13.549,15.123,my
2013-08-01,north,7.762,4.979,my
2013-08-01,south,15.739,16.762,my
2013-09-01,north,7.225,4.523,my
2013-09-01,south,16.382,16.950,my
2013-10-01,north,8.802,6.429,my
2013-10-01,south,16.299,16.607,my
2013-11-01,north,11.434,8.789,my
2013-11-01,south,14.592,14.605,my
2013-12-01,north,14.137,10.854,my
2013-12-01,south,10.090,10.742,my
2014-01-01,north,17.140,12.171,my
2014-01-01,south,4.821,5.454,my
2014-02-01,north,19.247,12.698,my
2014-02-01,south,2.796,2.856,my
2014-03-01,north,20.570,12.885,my
2014-03-01,south,3.035,3.594,my
2014-04-01,north,21.006,12.373,my
2014-04-01,south,5.487,6.997,my
2014-05-01,north,20.035,11.138,my
2014-05-01,south,8.455,10.058,my
2014-06-01,north,16.639,9.311,my
2014-06-01,south,11.573,13.048,my
2014-07-01,north,11.234,6.733,my
2014-07-01,south,14.197,15.313,my
2014-08-01,north,8.119,5.151,my
2014-08-01,south,16.111,16.772,my
2014-09-01,north,6.812,4.318,my
2014-09-01,south,16.850,17.178,my
2014-10-01,north,8.149,6.171,my
2014-10-01,south,16.303,16.427,my
2014-11-01,north,10.932,8.940,my
2014-11-01,south,14.386,14.241,my
2014-12-01,north,13.791,10.958,my
2014-12-01,south,9.957,10.187,my
2015-01-01,north,16.566,12.134,my
2015-01-01,south,5.282,5.697,my
2015-02-01,north,19.106,12.913,my
2015-02-01,south,3.076,2.912,my
2015-03-01,north,20.390,12.829,my
2015-03-01,south,3.281,3.769,my
2015-04-01,north,21.003,12.303,my
2015-04-01,south,5.457,6.931,my
2015-05-01,north,20.225,11.194,my
2015-05-01,south,8.715,10.387,my
2015-06-01,north,16.612,9.305,my
2015-06-01,south,11.315,12.822,my
2015-07-01,north,10.750,6.902,my
2015-07-01,south,13.400,14.902,my
2015-08-01,north,6.438,4.462,my
2015-08-01,south,14.371,15.603,my
2015-09-01,north,5.461,3.961,my
2015-09-01,south,14.661,15.876,my
2015-10-01,north,7.169,5.997,my
2015-10-01,south,14.179,15.761,my
2015-11-01,north,10.023,8.630,my
2015-11-01,south,12.361,13.755,my
2015-12-01,north,13.217,10.699,my
2015-12-01,south,7.521,9.188,my
2016-01-01,north,16.136,11.837,my
2016-01-01,south,3.086,4.131,my
2016-02-01,north,18.208,12.447,my
2016-02-01,south,1.777,1.884,my
2016-03-01,north,19.677,12.707,my
2016-03-01,south,2.232,2.916,my
2016-04-01,north,20.532,12.218,my
2016-04-01,south,4.178,5.732,my
2016-05-01,north,19.420,10.716,my
2016-05-01,south,6.834,8.748,my
2016-06-01,north,15.305,8.527,my
2016-06-01,south,9.846,11.631,my
2016-07-01,north,10.018,6.172,my
2016-07-01,south,12.009,14.027,my
2016-08-01,north,6.235,4.045,my
2016-08-01,south,13.656,15.586,my
2016-09-01,north,5.284,3.440,my
2016-09-01,south,13.364,15.391,my
2016-10-01,north,6.805,5.078,my
2016-10-01,south,12.204,14.372,my
2016-11-01,north,9.034,7.452,my
2016-11-01,south,9.119,11.480,my
2016-12-01,north,11.907,9.915,my
2016-12-01,south,4.428,6.718,my
2017-01-01,north,14.604,11.425,my
2017-01-01,south,1.637,2.462,my
2017-02-01,north,16.881,12.309,my
2017-02-01,south,0.934,1.390,my
2017-03-01,north,18.394,12.348,my
2017-03-01,south,0.944,1.785,my
2017-04-01,north,18.702,11.900,my
2017-04-01,south,2.276,4.197,my
2017-05-01,north,17.757,10.905,my
2017-05-01,south,4.788,7.545,my
2017-06-01,north,13.821,8.711,my
2017-06-01,south,7.651,10.800,my
2017-07-01,north,8.776,6.275,my
2017-07-01,south,10.366,13.402,my
2017-08-01,north,5.766,4.328,my
2017-08-01,south,12.205,14.870,my
2017-09-01,north,5.237,3.891,my
2017-09-01,south,12.650,14.934,my
2017-10-01,north,6.852,5.755,my
2017-10-01,south,12.314,14.591,my
2017-11-01,north,9.452,8.244,my
2017-11-01,south,10.251,12.476,my
2017-12-01,north,12.382,10.273,my
2017-12-01,south,5.506,7.644,my
2018-01-01,north,15.277,11.642,my
2018-01-01,south,1.780,2.859,my
2018-02-01,north,17.281,12.240,my
2018-02-01,south,0.942,1.295,my
2018-03-01,north,18.996,12.561,my
2018-03-01,south,1.319,2.265,my
2018-04-01,north,19.634,11.900,my
2018-04-01,south,2.729,4.624,my
2018-05-01,north,18.719,10.781,my
2018-05-01,south,5.235,7.921,my
2018-06-01,north,15.187,8.943,my
2018-06-01,south,8.383,11.200,my
2018-07-01,north,9.733,6.496,my
2018-07-01,south,11.265,13.848,my
2018-08-01,north,6.352,4.414,my
2018-08-01,south,13.384,15.226,my
2018-09-01,north,5.553,3.806,my
2018-09-01,south,14.080,15.404,my
2018-10-01,north,6.485,5.130,my
2018-10-01,south,13.729,15.099,my
2018-11-01,north,9.429,8.572,my
2018-11-01,south,10.630,12.166,my
2018-12-01,north,12.352,10.518,my
2018-12-01,south,5.435,7.112,my
2019-01-01,north,15.590,12.092,my
2019-01-01,south,1.868,2.438,my
2019-02-01,north,17.953,12.705,my
2019-02-01,south,1.062,1.460,my
2019-03-01,north,18.992,12.650,my
2019-03-01,south,1.221,2.028,my
2019-04-01,north,18.443,11.574,my
2019-04-01,south,2.735,4.521,my
2019-05-01,north,16.839,10.428,my
2019-05-01,south,5.217,7.670,my
2019-06-01,north,12.918,8.495,my
2019-06-01,south,7.996,10.495,my
2019-07-01,north,7.486,5.685,my
2019-07-01,south,11.315,13.579,my
2019-08-01,north,4.702,3.845,my
2019-08-01,south,13.794,15.386,my
2019-09-01,north,4.219,3.437,my
2019-09-01,south,14.565,15.728,my
2019-10-01,north,5.403,4.830,my
2019-10-01,south,13.245,14.889,my
2019-11-01,north,8.218,8.039,my
2019-11-01,south,9.592,12.185,my
2019-12-01,north,11.129,10.345,my
2019-12-01,south,4.809,7.454,my
2020-01-01,north,14.662,12.151,my
2020-01-01,south,1.457,2.267,my
2020-02-01,north,17.150,12.937,my
2020-02-01,south,0.689,1.179,my
2020-03-01,north,18.315,12.816,my
2020-03-01,south,0.998,2.348,my
2020-04-01,north,17.321,11.536,my
2020-04-01,south,2.674,5.249,my
2020-05-01,north,15.182,10.195,my
2020-05-01,south,5.449,8.545,my
2020-06-01,north,11.226,8.399,my
2020-06-01,south,8.694,11.660,my
2020-07-01,north,6.708,5.764,my
2020-07-01,south,11.727,13.880,my
2020-08-01,north,3.968,3.689,my
2020-08-01,south,14.196,15.634,my
2020-09-01,north,3.350,3.120,my
2020-09-01,south,15.072,16.211,my
2020-10-01,north,4.349,4.438,my
2020-10-01,south,13.959,15.409,my
2020-11-01,north,7.067,7.655,my
2020-11-01,south,9.873,12.594,my
2020-12-01,north,10.226,10.328,my
2020-12-01,south,4.005,7.139,my
2021-01-01,north,13.674,11.960,my
2021-01-01,south,0.992,2.088,my
2021-02-01,north,16.614,12.945,my
2021-02-01,south,0.356,0.805,my
2021-03-01,north,18.375,12.926,my
2021-03-01,south,0.803,2.405,my
2021-04-01,north,18.384,11.960,my
2021-04-01,south,2.627,5.643,my
2021-05-01,north,16.588,10.557,my
2021-05-01,south,5.535,8.988,my
2021-06-01,north,12.266,8.472,my
2021-06-01,south,8.774,11.985,my
2021-07-01,north,7.751,6.200,my
2021-07-01,south,12.028,14.603,my
2021-08-01,north,5.044,4.363,my
2021-08-01,south,14.246,15.964,my
2021-09-01,north,4.309,3.873,my
2021-09-01,south,14.676,15.747,my
2021-10-01,north,5.815,5.834,my
2021-10-01,south,13.026,14.486,my
2021-11-01,north,8.573,8.641,my
2021-11-01,south,8.927,11.427,my
2021-12-01,north,11.748,10.759,my
2021-12-01,south,3.581,6.212,my
2022-01-01,north,14.937,12.275,my
2022-01-01,south,1.139,1.875,my
2022-02-01,north,17.126,12.873,my
2022-02-01,south,0.624,0.874,my
2022-03-01,north,18.003,12.672,my
2022-03-01,south,0.915,1.741,my
2022-04-01,north,18.303,12.221,my
2022-04-01,south,2.423,4.577,my
2022-05-01,north,16.428,10.751,my
2022-05-01,south,5.238,8.062,my
2022-06-01,north,12.739,8.764,my
2022-06-01,south,7.951,10.642,my
2022-07-01,north,8.407,6.562,my
2022-07-01,south,10.833,13.144,my
2022-08-01,north,5.663,4.721,my
2022-08-01,south,13.236,14.844,my
2022-09-01,north,4.795,3.973,my
2022-09-01,south,14.185,15.425,my
2022-10-01,north,6.024,5.592,my
2022-10-01,south,12.836,14.348,my
2022-11-01,north,8.985,8.661,my
2022-11-01,south,9.396,11.965,my
2022-12-01,north,11.795,10.368,my
2022-12-01,south,3.598,6.322,my
2023-01-01,north,14.875,11.964,my
2023-01-01,south,1.081,1.574,my
2023-02-01,north,17.374,12.678,my
2023-02-01,south,0.590,0.785,my
2023-03-01,north,18.995,12.802,my
2023-03-01,south,0.822,1.616,my
2023-04-01,north,19.280,12.214,my
2023-04-01,south,2.277,4.332,my
2023-05-01,north,17.324,10.831,my
2023-05-01,south,4.602,7.143,my
2023-06-01,north,13.508,8.933,my
2023-06-01,south,7.192,9.685,my
2023-07-01,north,8.467,6.476,my
2023-07-01,south,9.709,11.915,my
2023-08-01,north,5.076,4.269,my
2023-08-01,south,11.950,13.541,my
2023-09-01,north,4.123,3.426,my
2023-09-01,south,12.973,14.340,my
2023-10-01,north,5.448,5.369,my
2023-10-01,south,11.943,13.453,my
2023-11-01,north,8.376,8.430,my
2023-11-01,south,8.761,11.069,my
2023-12-01,north,11.192,10.412,my
2023-12-01,south,4.064,6.430,my
2024-01-01,north,14.465,12.325,my
2024-01-01,south,1.344,2.364,my
2024-02-01,north,16.629,12.840,my
2024-02-01,south,0.689,1.130,my
2024-03-01,north,18.170,13.000,my
2024-03-01,south,1.034,2.028,my
2024-04-01,north,18.361,12.237,my
2024-04-01,south,2.769,4.965,my
2024-05-01,north,16.638,10.779,my
2024-05-01,south,5.329,8.036,my
2024-06-01,north,12.462,8.834,my
2024-06-01,south,7.879,10.288,my
2024-07-01,north,7.402,6.179,my
2024-07-01,south,10.498,12.378,my
2024-08-01,north,4.532,3.956,my
2024-08-01,south,12.855,14.221,my
2024-09-01,north,4.031,3.433,my
2024-09-01,south,13.670,14.658,my
2024-10-01,north,5.258,5.075,my
2024-10-01,south,12.802,13.800,my
2024-11-01,north,7.776,7.968,my
2024-11-01,south,9.492,11.166,my
2024-12-01,north,10.730,10.133,my
2024-12-01,south,4.764,7.346,my
2025-01-01,north,13.571,11.590,my
2025-01-01,south,1.633,2.854,my
2025-02-01,north,15.267,12.004,my
2025-02-01,south,0.876,1.170,my
2025-03-01,north,17.532,12.483,my
2025-03-01,south,1.039,1.917,my
2025-04-01,north,17.862,12.043,my
2025-04-01,south,2.744,4.836,my
2025-05-01,north,15.815,10.604,my
2025-05-01,south,5.385,8.037,my
2025-06-01,north,12.280,8.538,my
2025-06-01,south,8.194,10.634,my
2025-07-01,north,7.662,6.147,my
2025-07-01,south,10.901,12.993,my
2025-08-01,north,4.657,4.171,my
2025-08-01,south,13.228,14.405,my
2025-09-01,north,3.990,3.638,my
2025-09-01,south,14.235,15.038,my
2025-10-01,north,5.167,5.251,my
2025-10-01,south,13.389,14.098,my
2025-11-01,north,7.578,7.714,my
2025-11-01,south,10.219,11.621,my
2025-12-01,north,10.460,9.898,my
2025-12-01,south,4.947,7.042,my
2026-01-01,north,13.815,11.733,my
2026-01-01,south,1.782,2.650,my
2026-02-01,north,16.583,12.695,my
2026-02-01,south,0.950,1.287,my
2026-03-01,north,18.381,12.685,my
2026-03-01,south,1.081,1.980,my
2026-04-01,north,18.933,12.075,my
2026-04-01,south,2.656,4.784,my
2026-05-01,north,17.171,10.427,my
2026-05-01,south,5.271,7.981,my
2026-06-01,north,13.003,8.209,my
2026-06-01,south,8.285,10.813,my
2026-07-01,north,7.681,5.509,my
2026-07-01,south,11.383,13.201,my
2026-08-01,north,2.547,3.188,anfc
2026-08-01,south,9.665,14.236,anfc
