year,total,wildfire
2001,13227583,2526232
2002,16346752,4593301
2003,14404470,4550264
2004,19794442,5618964
2005,17999578,3900861
2006,17552784,4162780
2007,18287306,3972920
2008,18508078,4290214
2009,16885732,2860026
2010,18435864,3599757
2011,17471200,4220247
2012,23327932,6928966
2013,20515552,7150707
2014,23616708,6445222
2015,19571718,5270720
2016,29610414,9061417
2017,29308080,7645898
2018,24710662,6351052
2019,24135086,7405246
2020,25756608,9107600
2021,25229724,9258703
2022,22774828,6726551
2023,28231408,11954474
2024,29559676,13877225
